date,order_id,sku,product_name,category,brand,channel,qty,price,cost,vat_rate
2025-06-13,10000,MAP-1773,Maple Kleding,Kleding,Maple,store,2,78.4,52.11,0.21
2025-06-13,10001,MAP-7621,Maple Schoenen,Schoenen,Maple,store,2,41.96,29.12,0.21
2025-06-13,10002,VIK-8556,Viking Schoenen,Schoenen,Viking,web,2,107.35,51.75,0.21
2025-06-13,10003,BON-8033,Bont Schaatsen,Schaatsen,Bont,store,1,155.18,105.78,0.21
2025-06-13,10004,MAP-5053,Maple Accessoires,Accessoires,Maple,store,2,165.09,92.59,0.21
2025-06-14,10005,VIK-5990,Viking Schaatsen,Schaatsen,Viking,web,1,81.64,53.63,0.21
2025-06-14,10006,RAP-6684,Raps Accessoires,Accessoires,Raps,store,1,112.61,60.66,0.21
2025-06-14,10007,RAP-9735,Raps Slijpen,Slijpen,Raps,store,1,113.82,73.37,0.21
2025-06-14,10008,EHS-2751,EHS Schoenen,Schoenen,EHS,web,2,141.29,65.13,0.21
2025-06-14,10009,EHS-2388,EHS Slijpen,Slijpen,EHS,store,2,137.23,87.3,0.21
2025-06-14,10010,EHS-9706,EHS Schaatsen,Schaatsen,EHS,marketplace,1,99.51,54.0,0.21
2025-06-14,10011,VIK-5225,Viking Slijpen,Slijpen,Viking,web,1,165.16,79.69,0.21
2025-06-15,10012,BON-9461,Bont Accessoires,Accessoires,Bont,store,1,87.02,53.73,0.21
2025-06-15,10013,VIK-4916,Viking Schaatsen,Schaatsen,Viking,marketplace,1,141.73,93.27,0.21
2025-06-15,10014,EHS-3155,EHS Schoenen,Schoenen,EHS,web,2,124.67,65.09,0.21
2025-06-15,10015,RAP-8243,Raps Accessoires,Accessoires,Raps,web,2,128.94,64.47,0.21
2025-06-15,10016,VIK-5243,Viking Accessoires,Accessoires,Viking,store,1,131.56,81.07,0.21
2025-06-15,10017,VIK-5549,Viking Slijpen,Slijpen,Viking,marketplace,2,107.21,60.54,0.21
2025-06-15,10018,RAP-4956,Raps Schaatsen,Schaatsen,Raps,store,2,108.99,52.17,0.21
2025-06-15,10019,RAP-1712,Raps Slijpen,Slijpen,Raps,store,2,158.73,93.86,0.21
2025-06-15,10020,MAP-1815,Maple Accessoires,Accessoires,Maple,marketplace,2,126.51,74.44,0.21
2025-06-15,10021,MAP-4127,Maple Slijpen,Slijpen,Maple,store,2,151.73,69.45,0.21
2025-06-15,10022,MAP-9932,Maple Schaatsen,Schaatsen,Maple,store,1,154.32,85.21,0.21
2025-06-16,10023,RAP-3105,Raps Schaatsen,Schaatsen,Raps,store,1,83.22,43.3,0.21
2025-06-16,10024,MAP-3642,Maple Accessoires,Accessoires,Maple,web,2,147.62,86.99,0.21
2025-06-16,10025,MAP-8054,Maple Schaatsen,Schaatsen,Maple,marketplace,2,145.02,79.99,0.21
2025-06-16,10026,MAP-8325,Maple Slijpen,Slijpen,Maple,web,1,93.52,42.62,0.21
2025-06-16,10027,MAP-1810,Maple Accessoires,Accessoires,Maple,marketplace,1,72.17,40.81,0.21
2025-06-16,10028,BON-2451,Bont Schaatsen,Schaatsen,Bont,marketplace,2,120.5,58.81,0.21
2025-06-16,10029,RAP-7266,Raps Slijpen,Slijpen,Raps,store,1,146.62,79.95,0.21
2025-06-16,10030,BON-3713,Bont Kleding,Kleding,Bont,marketplace,1,116.81,63.13,0.21
2025-06-16,10031,EHS-1788,EHS Slijpen,Slijpen,EHS,marketplace,2,67.09,46.32,0.21
2025-06-16,10032,MAP-9176,Maple Accessoires,Accessoires,Maple,store,1,83.78,43.27,0.21
2025-06-16,10033,EHS-9721,EHS Slijpen,Slijpen,EHS,web,2,105.75,66.54,0.21
2025-06-16,10034,BON-5043,Bont Slijpen,Slijpen,Bont,web,2,111.78,52.99,0.21
2025-06-16,10035,VIK-9122,Viking Schoenen,Schoenen,Viking,marketplace,1,153.61,76.9,0.21
2025-06-17,10036,VIK-5168,Viking Slijpen,Slijpen,Viking,web,1,129.51,64.0,0.21
2025-06-17,10037,BON-6969,Bont Accessoires,Accessoires,Bont,marketplace,2,122.89,77.4,0.21
2025-06-17,10038,VIK-1852,Viking Schoenen,Schoenen,Viking,marketplace,1,120.87,72.04,0.21
2025-06-17,10039,RAP-8081,Raps Schoenen,Schoenen,Raps,store,2,79.06,43.8,0.21
2025-06-17,10040,VIK-6944,Viking Kleding,Kleding,Viking,web,1,174.37,92.85,0.21
2025-06-17,10041,MAP-8140,Maple Accessoires,Accessoires,Maple,store,1,178.53,106.57,0.21
2025-06-17,10042,RAP-5022,Raps Accessoires,Accessoires,Raps,marketplace,1,82.94,49.37,0.21
2025-06-17,10043,BON-2363,Bont Kleding,Kleding,Bont,store,1,145.41,66.26,0.21
2025-06-17,10044,RAP-1584,Raps Accessoires,Accessoires,Raps,web,2,79.38,51.25,0.21
2025-06-17,10045,EHS-4970,EHS Schaatsen,Schaatsen,EHS,web,1,199.87,114.46,0.21
2025-06-17,10046,MAP-8267,Maple Slijpen,Slijpen,Maple,store,2,80.42,45.71,0.21
2025-06-17,10047,EHS-8647,EHS Kleding,Kleding,EHS,web,1,87.48,50.75,0.21
2025-06-18,10048,BON-1194,Bont Schaatsen,Schaatsen,Bont,web,1,162.64,109.63,0.21
2025-06-18,10049,VIK-2262,Viking Slijpen,Slijpen,Viking,marketplace,2,78.57,37.49,0.21
2025-06-18,10050,VIK-7049,Viking Schaatsen,Schaatsen,Viking,marketplace,2,117.85,74.45,0.21
2025-06-18,10051,MAP-7917,Maple Slijpen,Slijpen,Maple,marketplace,2,159.31,108.17,0.21
2025-06-18,10052,VIK-3071,Viking Kleding,Kleding,Viking,marketplace,2,81.4,47.92,0.21
2025-06-18,10053,BON-4337,Bont Slijpen,Slijpen,Bont,marketplace,2,87.14,56.82,0.21
2025-06-18,10054,BON-3853,Bont Slijpen,Slijpen,Bont,web,2,157.26,82.2,0.21
2025-06-18,10055,VIK-5634,Viking Slijpen,Slijpen,Viking,marketplace,2,118.37,80.97,0.21
2025-06-18,10056,BON-2481,Bont Schaatsen,Schaatsen,Bont,web,1,101.8,56.88,0.21
2025-06-19,10057,VIK-8609,Viking Slijpen,Slijpen,Viking,store,2,126.9,80.85,0.21
2025-06-19,10058,BON-5225,Bont Accessoires,Accessoires,Bont,web,2,115.25,66.81,0.21
2025-06-19,10059,BON-4691,Bont Schaatsen,Schaatsen,Bont,marketplace,1,128.78,79.25,0.21
2025-06-19,10060,VIK-4419,Viking Schoenen,Schoenen,Viking,store,1,137.15,87.32,0.21
2025-06-19,10061,VIK-1287,Viking Accessoires,Accessoires,Viking,web,1,71.02,36.24,0.21
2025-06-19,10062,EHS-7719,EHS Slijpen,Slijpen,EHS,marketplace,1,188.95,92.27,0.21
2025-06-19,10063,RAP-1403,Raps Schoenen,Schoenen,Raps,store,1,178.46,119.33,0.21
2025-06-19,10064,EHS-3883,EHS Schaatsen,Schaatsen,EHS,marketplace,1,84.21,54.26,0.21
2025-06-19,10065,BON-9408,Bont Schaatsen,Schaatsen,Bont,store,2,119.8,58.22,0.21
2025-06-19,10066,RAP-1161,Raps Slijpen,Slijpen,Raps,marketplace,1,176.3,85.15,0.21
2025-06-19,10067,EHS-9346,EHS Schoenen,Schoenen,EHS,marketplace,2,37.99,21.9,0.21
2025-06-19,10068,MAP-8777,Maple Accessoires,Accessoires,Maple,marketplace,2,71.25,35.62,0.21
2025-06-19,10069,BON-8432,Bont Slijpen,Slijpen,Bont,web,2,156.64,99.43,0.21
2025-06-19,10070,VIK-2189,Viking Schoenen,Schoenen,Viking,marketplace,1,100.63,52.85,0.21
2025-06-20,10071,VIK-6965,Viking Slijpen,Slijpen,Viking,store,2,173.5,90.5,0.21
2025-06-20,10072,EHS-9322,EHS Kleding,Kleding,EHS,marketplace,2,111.05,65.39,0.21
2025-06-20,10073,VIK-6705,Viking Schaatsen,Schaatsen,Viking,marketplace,1,76.62,37.17,0.21
2025-06-20,10074,BON-4771,Bont Accessoires,Accessoires,Bont,web,2,220.7,132.2,0.21
2025-06-20,10075,MAP-9396,Maple Schaatsen,Schaatsen,Maple,marketplace,1,108.5,61.5,0.21
2025-06-20,10076,RAP-8062,Raps Schoenen,Schoenen,Raps,web,2,132.62,63.3,0.21
2025-06-20,10077,MAP-8464,Maple Schoenen,Schoenen,Maple,marketplace,1,93.83,47.68,0.21
2025-06-20,10078,VIK-5776,Viking Kleding,Kleding,Viking,web,1,77.5,51.69,0.21
2025-06-20,10079,RAP-6427,Raps Schoenen,Schoenen,Raps,web,2,98.82,53.71,0.21
2025-06-21,10080,EHS-3466,EHS Accessoires,Accessoires,EHS,web,1,116.23,77.51,0.21
2025-06-21,10081,BON-9950,Bont Schoenen,Schoenen,Bont,marketplace,1,205.17,104.47,0.21
2025-06-21,10082,MAP-8933,Maple Schaatsen,Schaatsen,Maple,store,2,193.48,92.16,0.21
2025-06-21,10083,MAP-2730,Maple Kleding,Kleding,Maple,web,1,105.27,51.22,0.21
2025-06-21,10084,EHS-9236,EHS Schaatsen,Schaatsen,EHS,web,2,80.53,39.14,0.21
2025-06-21,10085,EHS-6196,EHS Schoenen,Schoenen,EHS,marketplace,2,137.39,71.6,0.21
2025-06-21,10086,RAP-7380,Raps Accessoires,Accessoires,Raps,store,1,65.0,29.59,0.21
2025-06-21,10087,BON-4862,Bont Schaatsen,Schaatsen,Bont,store,1,129.29,59.91,0.21
2025-06-21,10088,MAP-8453,Maple Schaatsen,Schaatsen,Maple,marketplace,2,160.51,88.02,0.21
2025-06-21,10089,RAP-8133,Raps Accessoires,Accessoires,Raps,marketplace,1,122.13,81.67,0.21
2025-06-21,10090,EHS-9001,EHS Accessoires,Accessoires,EHS,web,2,132.66,65.72,0.21
2025-06-21,10091,RAP-9538,Raps Schoenen,Schoenen,Raps,store,1,203.73,120.77,0.21
2025-06-21,10092,EHS-9331,EHS Kleding,Kleding,EHS,store,1,89.48,48.62,0.21
2025-06-21,10093,VIK-1960,Viking Schaatsen,Schaatsen,Viking,web,2,75.5,49.71,0.21
2025-06-22,10094,VIK-9322,Viking Slijpen,Slijpen,Viking,marketplace,1,50.22,33.19,0.21
2025-06-22,10095,EHS-9122,EHS Schoenen,Schoenen,EHS,store,2,75.58,49.17,0.21
2025-06-22,10096,MAP-8014,Maple Schaatsen,Schaatsen,Maple,marketplace,2,122.1,78.72,0.21
2025-06-22,10097,RAP-2210,Raps Schaatsen,Schaatsen,Raps,web,2,109.92,63.59,0.21
2025-06-22,10098,EHS-8717,EHS Schaatsen,Schaatsen,EHS,store,2,17.33,9.47,0.21
2025-06-23,10099,EHS-4902,EHS Kleding,Kleding,EHS,store,2,131.84,63.93,0.21
2025-06-23,10100,RAP-4043,Raps Schoenen,Schoenen,Raps,store,1,133.12,67.64,0.21
2025-06-23,10101,EHS-4904,EHS Kleding,Kleding,EHS,store,1,154.55,82.2,0.21
2025-06-23,10102,EHS-8133,EHS Kleding,Kleding,EHS,web,1,77.88,40.83,0.21
2025-06-23,10103,EHS-7931,EHS Schaatsen,Schaatsen,EHS,store,2,143.31,81.72,0.21
2025-06-23,10104,BON-5402,Bont Slijpen,Slijpen,Bont,web,1,137.56,91.08,0.21
2025-06-23,10105,BON-7895,Bont Schaatsen,Schaatsen,Bont,store,2,153.12,89.3,0.21
2025-06-23,10106,VIK-1316,Viking Schoenen,Schoenen,Viking,web,2,92.1,58.37,0.21
2025-06-23,10107,EHS-9269,EHS Schoenen,Schoenen,EHS,marketplace,1,151.29,100.64,0.21
2025-06-23,10108,EHS-6596,EHS Slijpen,Slijpen,EHS,store,1,166.85,79.05,0.21
2025-06-23,10109,EHS-7510,EHS Schaatsen,Schaatsen,EHS,store,2,149.23,102.07,0.21
2025-06-24,10110,BON-9628,Bont Kleding,Kleding,Bont,web,2,99.27,59.41,0.21
2025-06-24,10111,RAP-8042,Raps Slijpen,Slijpen,Raps,marketplace,1,92.04,63.19,0.21
2025-06-24,10112,RAP-3280,Raps Schaatsen,Schaatsen,Raps,web,1,71.34,33.8,0.21
2025-06-24,10113,RAP-6544,Raps Schaatsen,Schaatsen,Raps,web,2,93.91,55.52,0.21
2025-06-24,10114,VIK-6151,Viking Schaatsen,Schaatsen,Viking,marketplace,1,28.35,16.46,0.21
2025-06-24,10115,BON-7874,Bont Slijpen,Slijpen,Bont,marketplace,2,136.56,78.25,0.21
2025-06-25,10116,RAP-8072,Raps Schaatsen,Schaatsen,Raps,store,2,96.36,46.25,0.21
2025-06-25,10117,RAP-7558,Raps Accessoires,Accessoires,Raps,store,1,179.04,110.01,0.21
2025-06-25,10118,VIK-7574,Viking Accessoires,Accessoires,Viking,store,1,97.16,60.03,0.21
2025-06-25,10119,VIK-6709,Viking Slijpen,Slijpen,Viking,web,1,129.32,82.85,0.21
2025-06-25,10120,EHS-3816,EHS Accessoires,Accessoires,EHS,web,1,85.47,45.18,0.21
2025-06-25,10121,RAP-5994,Raps Schoenen,Schoenen,Raps,web,1,135.34,92.58,0.21
2025-06-25,10122,RAP-2583,Raps Kleding,Kleding,Raps,web,1,115.0,72.73,0.21
2025-06-26,10123,EHS-9424,EHS Slijpen,Slijpen,EHS,store,2,128.09,72.99,0.21
2025-06-26,10124,MAP-4386,Maple Schoenen,Schoenen,Maple,marketplace,1,173.16,108.99,0.21
2025-06-26,10125,EHS-9559,EHS Schoenen,Schoenen,EHS,marketplace,2,142.16,94.2,0.21
2025-06-26,10126,RAP-6733,Raps Kleding,Kleding,Raps,web,2,39.86,23.8,0.21
2025-06-26,10127,VIK-7174,Viking Slijpen,Slijpen,Viking,marketplace,1,124.32,70.06,0.21
2025-06-26,10128,VIK-8427,Viking Slijpen,Slijpen,Viking,marketplace,2,69.93,39.49,0.21
2025-06-26,10129,VIK-4980,Viking Kleding,Kleding,Viking,web,1,137.59,93.51,0.21
2025-06-26,10130,VIK-8030,Viking Accessoires,Accessoires,Viking,web,2,63.49,44.4,0.21
2025-06-26,10131,RAP-8911,Raps Kleding,Kleding,Raps,store,1,101.13,66.67,0.21
2025-06-26,10132,EHS-1957,EHS Accessoires,Accessoires,EHS,web,1,125.53,59.33,0.21
2025-06-27,10133,RAP-5079,Raps Schaatsen,Schaatsen,Raps,marketplace,2,141.2,72.04,0.21
2025-06-27,10134,VIK-1131,Viking Slijpen,Slijpen,Viking,store,1,127.87,63.88,0.21
2025-06-27,10135,MAP-1049,Maple Slijpen,Slijpen,Maple,marketplace,2,140.85,64.66,0.21
2025-06-27,10136,VIK-9819,Viking Schaatsen,Schaatsen,Viking,store,1,153.18,92.13,0.21
2025-06-27,10137,RAP-3203,Raps Accessoires,Accessoires,Raps,store,2,60.71,40.21,0.21
2025-06-27,10138,EHS-2081,EHS Kleding,Kleding,EHS,marketplace,1,149.98,102.28,0.21
2025-06-27,10139,RAP-5018,Raps Accessoires,Accessoires,Raps,store,2,163.57,107.87,0.21
2025-06-27,10140,VIK-7275,Viking Schoenen,Schoenen,Viking,store,1,89.22,42.94,0.21
2025-06-27,10141,BON-1774,Bont Accessoires,Accessoires,Bont,marketplace,2,174.14,105.79,0.21
2025-06-27,10142,EHS-1477,EHS Slijpen,Slijpen,EHS,web,2,96.22,60.97,0.21
2025-06-27,10143,BON-5702,Bont Slijpen,Slijpen,Bont,store,1,105.68,66.31,0.21
2025-06-28,10144,EHS-6503,EHS Schoenen,Schoenen,EHS,web,2,135.71,81.98,0.21
2025-06-28,10145,RAP-1381,Raps Accessoires,Accessoires,Raps,store,1,114.76,72.0,0.21
2025-06-28,10146,EHS-2557,EHS Accessoires,Accessoires,EHS,store,1,95.8,47.51,0.21
2025-06-28,10147,VIK-9819,Viking Kleding,Kleding,Viking,web,1,93.83,60.62,0.21
2025-06-28,10148,RAP-6727,Raps Schoenen,Schoenen,Raps,web,1,133.15,64.75,0.21
2025-06-28,10149,MAP-9513,Maple Schaatsen,Schaatsen,Maple,marketplace,1,106.29,63.19,0.21
2025-06-28,10150,EHS-7297,EHS Kleding,Kleding,EHS,store,2,106.74,73.13,0.21
2025-06-28,10151,BON-2335,Bont Kleding,Kleding,Bont,store,1,114.75,63.23,0.21
2025-06-28,10152,BON-5267,Bont Accessoires,Accessoires,Bont,web,2,203.08,98.19,0.21
2025-06-28,10153,EHS-3502,EHS Slijpen,Slijpen,EHS,marketplace,2,163.05,90.81,0.21
2025-06-28,10154,VIK-6498,Viking Kleding,Kleding,Viking,store,2,118.97,65.78,0.21
2025-06-28,10155,MAP-4678,Maple Kleding,Kleding,Maple,web,1,56.42,33.69,0.21
2025-06-28,10156,MAP-3853,Maple Schoenen,Schoenen,Maple,web,2,101.65,56.38,0.21
2025-06-28,10157,VIK-5266,Viking Slijpen,Slijpen,Viking,marketplace,1,164.24,97.41,0.21
2025-06-29,10158,EHS-6283,EHS Schoenen,Schoenen,EHS,web,2,103.72,63.48,0.21
2025-06-29,10159,BON-4083,Bont Kleding,Kleding,Bont,store,2,144.77,93.65,0.21
2025-06-29,10160,BON-5736,Bont Schaatsen,Schaatsen,Bont,web,2,74.32,45.08,0.21
2025-06-29,10161,BON-6024,Bont Kleding,Kleding,Bont,store,1,128.92,81.76,0.21
2025-06-29,10162,MAP-7599,Maple Schaatsen,Schaatsen,Maple,web,2,143.23,82.49,0.21
2025-06-29,10163,MAP-5673,Maple Schaatsen,Schaatsen,Maple,web,2,88.82,46.95,0.21
2025-06-29,10164,RAP-8396,Raps Kleding,Kleding,Raps,store,2,146.62,96.84,0.21
2025-06-29,10165,MAP-5387,Maple Kleding,Kleding,Maple,store,1,108.55,57.91,0.21
2025-06-30,10166,EHS-3824,EHS Schoenen,Schoenen,EHS,store,2,46.74,21.2,0.21
2025-06-30,10167,BON-8443,Bont Slijpen,Slijpen,Bont,web,1,60.2,32.69,0.21
2025-06-30,10168,VIK-2382,Viking Schoenen,Schoenen,Viking,web,2,91.22,43.78,0.21
2025-06-30,10169,RAP-4283,Raps Schaatsen,Schaatsen,Raps,store,2,98.26,68.67,0.21
2025-06-30,10170,MAP-7948,Maple Schoenen,Schoenen,Maple,store,1,97.62,60.71,0.21
2025-06-30,10171,EHS-7347,EHS Schaatsen,Schaatsen,EHS,store,1,108.11,65.97,0.21
2025-07-01,10172,RAP-5200,Raps Schoenen,Schoenen,Raps,store,1,151.63,88.14,0.21
2025-07-01,10173,EHS-9282,EHS Slijpen,Slijpen,EHS,marketplace,1,92.47,60.94,0.21
2025-07-01,10174,MAP-8213,Maple Kleding,Kleding,Maple,marketplace,2,81.19,53.57,0.21
2025-07-01,10175,EHS-8585,EHS Schaatsen,Schaatsen,EHS,store,2,112.35,63.15,0.21
2025-07-01,10176,VIK-1371,Viking Schaatsen,Schaatsen,Viking,web,1,178.2,113.84,0.21
2025-07-01,10177,MAP-3756,Maple Schaatsen,Schaatsen,Maple,web,1,182.59,89.04,0.21
2025-07-01,10178,VIK-6688,Viking Schaatsen,Schaatsen,Viking,marketplace,1,102.06,47.07,0.21
2025-07-01,10179,MAP-9959,Maple Accessoires,Accessoires,Maple,store,1,145.5,83.31,0.21
2025-07-02,10180,BON-5439,Bont Slijpen,Slijpen,Bont,marketplace,2,88.54,45.24,0.21
2025-07-02,10181,MAP-8591,Maple Accessoires,Accessoires,Maple,web,2,129.91,79.54,0.21
2025-07-02,10182,RAP-7031,Raps Slijpen,Slijpen,Raps,store,1,113.63,52.78,0.21
2025-07-02,10183,RAP-4299,Raps Kleding,Kleding,Raps,web,2,148.27,79.27,0.21
2025-07-02,10184,VIK-8599,Viking Slijpen,Slijpen,Viking,marketplace,2,142.26,91.35,0.21
2025-07-02,10185,RAP-8667,Raps Slijpen,Slijpen,Raps,store,2,116.52,78.93,0.21
2025-07-02,10186,EHS-6283,EHS Accessoires,Accessoires,EHS,store,1,78.71,42.12,0.21
2025-07-02,10187,RAP-5488,Raps Schaatsen,Schaatsen,Raps,marketplace,2,99.45,47.36,0.21
2025-07-02,10188,BON-4586,Bont Schaatsen,Schaatsen,Bont,web,1,133.37,81.05,0.21
2025-07-02,10189,RAP-2597,Raps Schaatsen,Schaatsen,Raps,store,1,156.01,77.68,0.21
2025-07-03,10190,EHS-4781,EHS Schoenen,Schoenen,EHS,web,1,93.88,52.77,0.21
2025-07-03,10191,BON-4739,Bont Accessoires,Accessoires,Bont,store,1,62.07,28.05,0.21
2025-07-03,10192,BON-7420,Bont Schoenen,Schoenen,Bont,marketplace,1,84.01,51.12,0.21
2025-07-03,10193,VIK-9861,Viking Schaatsen,Schaatsen,Viking,store,2,173.45,98.76,0.21
2025-07-03,10194,BON-3562,Bont Kleding,Kleding,Bont,store,2,134.54,84.78,0.21
2025-07-03,10195,MAP-1667,Maple Schaatsen,Schaatsen,Maple,web,2,108.25,72.17,0.21
2025-07-03,10196,RAP-6846,Raps Kleding,Kleding,Raps,marketplace,1,199.89,111.94,0.21
2025-07-04,10197,MAP-6886,Maple Kleding,Kleding,Maple,marketplace,2,184.44,128.4,0.21
2025-07-04,10198,EHS-3593,EHS Kleding,Kleding,EHS,store,1,192.85,122.94,0.21
2025-07-04,10199,VIK-4118,Viking Kleding,Kleding,Viking,marketplace,2,53.93,24.82,0.21
2025-07-04,10200,RAP-7995,Raps Kleding,Kleding,Raps,web,2,99.18,69.07,0.21
2025-07-04,10201,BON-5184,Bont Schaatsen,Schaatsen,Bont,marketplace,2,49.0,27.09,0.21
2025-07-04,10202,BON-8142,Bont Accessoires,Accessoires,Bont,web,1,170.98,100.68,0.21
2025-07-04,10203,EHS-8217,EHS Schoenen,Schoenen,EHS,marketplace,2,141.65,92.87,0.21
2025-07-04,10204,BON-1332,Bont Kleding,Kleding,Bont,store,1,52.58,24.3,0.21
2025-07-04,10205,MAP-1983,Maple Schoenen,Schoenen,Maple,web,1,129.41,81.31,0.21
2025-07-04,10206,MAP-7962,Maple Slijpen,Slijpen,Maple,marketplace,2,87.74,55.7,0.21
2025-07-05,10207,EHS-1916,EHS Schaatsen,Schaatsen,EHS,store,2,129.67,65.95,0.21
2025-07-05,10208,RAP-9564,Raps Slijpen,Slijpen,Raps,web,2,102.37,46.18,0.21
2025-07-05,10209,VIK-7836,Viking Kleding,Kleding,Viking,marketplace,2,95.21,43.55,0.21
2025-07-05,10210,EHS-3291,EHS Accessoires,Accessoires,EHS,store,1,103.53,63.97,0.21
2025-07-05,10211,RAP-8015,Raps Accessoires,Accessoires,Raps,marketplace,1,23.49,12.61,0.21
2025-07-05,10212,EHS-5040,EHS Kleding,Kleding,EHS,marketplace,2,103.79,62.02,0.21
2025-07-05,10213,VIK-8796,Viking Schoenen,Schoenen,Viking,marketplace,1,108.55,72.91,0.21
2025-07-05,10214,MAP-5048,Maple Schaatsen,Schaatsen,Maple,web,1,143.18,76.67,0.21
2025-07-06,10215,RAP-8266,Raps Schaatsen,Schaatsen,Raps,marketplace,1,202.11,105.92,0.21
2025-07-06,10216,BON-4671,Bont Schoenen,Schoenen,Bont,store,2,114.32,67.87,0.21
2025-07-06,10217,VIK-9977,Viking Schaatsen,Schaatsen,Viking,marketplace,1,69.17,41.42,0.21
2025-07-06,10218,RAP-4530,Raps Schoenen,Schoenen,Raps,store,1,104.38,59.94,0.21
2025-07-06,10219,VIK-2209,Viking Slijpen,Slijpen,Viking,store,1,186.72,87.16,0.21
2025-07-06,10220,MAP-2817,Maple Accessoires,Accessoires,Maple,marketplace,1,132.78,74.8,0.21
2025-07-06,10221,MAP-6710,Maple Kleding,Kleding,Maple,web,2,168.5,93.53,0.21
2025-07-06,10222,RAP-9631,Raps Accessoires,Accessoires,Raps,store,2,119.3,69.82,0.21
2025-07-06,10223,RAP-3560,Raps Schaatsen,Schaatsen,Raps,marketplace,2,116.74,59.39,0.21
2025-07-06,10224,MAP-3927,Maple Accessoires,Accessoires,Maple,web,2,139.28,81.11,0.21
2025-07-06,10225,MAP-7680,Maple Slijpen,Slijpen,Maple,web,2,151.39,92.86,0.21
2025-07-06,10226,EHS-3694,EHS Slijpen,Slijpen,EHS,marketplace,1,67.33,35.73,0.21
2025-07-07,10227,BON-3255,Bont Accessoires,Accessoires,Bont,web,1,215.3,127.11,0.21
2025-07-07,10228,EHS-8747,EHS Kleding,Kleding,EHS,marketplace,2,113.32,63.41,0.21
2025-07-07,10229,MAP-3300,Maple Slijpen,Slijpen,Maple,store,1,170.07,105.21,0.21
2025-07-07,10230,EHS-5232,EHS Kleding,Kleding,EHS,store,2,99.97,64.67,0.21
2025-07-07,10231,MAP-4843,Maple Schoenen,Schoenen,Maple,web,1,151.63,72.1,0.21
2025-07-07,10232,MAP-9410,Maple Accessoires,Accessoires,Maple,marketplace,2,103.01,59.56,0.21
2025-07-08,10233,EHS-1322,EHS Accessoires,Accessoires,EHS,web,1,29.93,14.24,0.21
2025-07-08,10234,MAP-1369,Maple Kleding,Kleding,Maple,marketplace,1,27.19,12.68,0.21
2025-07-08,10235,MAP-5095,Maple Schaatsen,Schaatsen,Maple,store,2,111.96,59.13,0.21
2025-07-08,10236,EHS-1458,EHS Kleding,Kleding,EHS,marketplace,1,78.77,43.02,0.21
2025-07-08,10237,BON-1544,Bont Slijpen,Slijpen,Bont,web,2,80.96,40.62,0.21
2025-07-08,10238,MAP-3718,Maple Accessoires,Accessoires,Maple,web,2,111.14,61.59,0.21
2025-07-08,10239,VIK-1014,Viking Schaatsen,Schaatsen,Viking,marketplace,1,148.07,98.57,0.21
2025-07-08,10240,MAP-1011,Maple Accessoires,Accessoires,Maple,marketplace,1,111.57,63.86,0.21
2025-07-08,10241,BON-3997,Bont Schoenen,Schoenen,Bont,store,1,147.43,95.11,0.21
2025-07-09,10242,RAP-6376,Raps Schoenen,Schoenen,Raps,store,2,116.15,61.63,0.21
2025-07-09,10243,BON-3999,Bont Schoenen,Schoenen,Bont,marketplace,1,60.13,37.33,0.21
2025-07-09,10244,RAP-5343,Raps Schaatsen,Schaatsen,Raps,store,1,131.3,89.62,0.21
2025-07-09,10245,RAP-2722,Raps Schaatsen,Schaatsen,Raps,store,1,75.22,47.23,0.21
2025-07-09,10246,RAP-1185,Raps Accessoires,Accessoires,Raps,marketplace,1,141.95,68.78,0.21
2025-07-09,10247,RAP-8348,Raps Schoenen,Schoenen,Raps,web,2,126.32,62.79,0.21
2025-07-09,10248,EHS-5279,EHS Schaatsen,Schaatsen,EHS,store,1,55.21,33.4,0.21
2025-07-09,10249,BON-7186,Bont Schaatsen,Schaatsen,Bont,store,1,167.51,100.1,0.21
2025-07-09,10250,VIK-5798,Viking Schoenen,Schoenen,Viking,marketplace,2,123.96,82.23,0.21
2025-07-10,10251,BON-2464,Bont Accessoires,Accessoires,Bont,web,1,105.13,69.79,0.21
2025-07-10,10252,VIK-3288,Viking Slijpen,Slijpen,Viking,marketplace,1,108.03,60.89,0.21
2025-07-10,10253,VIK-6430,Viking Schaatsen,Schaatsen,Viking,store,2,191.41,103.43,0.21
2025-07-10,10254,BON-8317,Bont Kleding,Kleding,Bont,store,2,154.2,100.2,0.21
2025-07-10,10255,EHS-6406,EHS Schaatsen,Schaatsen,EHS,web,1,169.99,94.09,0.21
2025-07-10,10256,RAP-3858,Raps Slijpen,Slijpen,Raps,web,2,145.48,66.55,0.21
2025-07-10,10257,RAP-4117,Raps Schoenen,Schoenen,Raps,web,2,123.34,60.61,0.21
2025-07-10,10258,MAP-7525,Maple Kleding,Kleding,Maple,marketplace,2,187.27,118.85,0.21
2025-07-10,10259,MAP-3854,Maple Schaatsen,Schaatsen,Maple,web,2,130.21,77.93,0.21
2025-07-10,10260,VIK-2134,Viking Kleding,Kleding,Viking,web,1,128.11,79.85,0.21
2025-07-10,10261,BON-2556,Bont Slijpen,Slijpen,Bont,store,1,122.42,85.44,0.21
2025-07-11,10262,EHS-6199,EHS Schoenen,Schoenen,EHS,marketplace,1,116.81,81.57,0.21
2025-07-11,10263,EHS-1819,EHS Slijpen,Slijpen,EHS,marketplace,2,120.46,81.23,0.21
2025-07-11,10264,MAP-2640,Maple Schaatsen,Schaatsen,Maple,store,2,111.88,67.74,0.21
2025-07-11,10265,BON-2188,Bont Schaatsen,Schaatsen,Bont,marketplace,1,90.16,53.97,0.21
2025-07-11,10266,BON-2707,Bont Kleding,Kleding,Bont,web,1,135.65,89.4,0.21
2025-07-11,10267,EHS-8625,EHS Accessoires,Accessoires,EHS,marketplace,1,159.83,81.16,0.21
2025-07-11,10268,RAP-2667,Raps Slijpen,Slijpen,Raps,store,2,121.56,73.26,0.21
2025-07-12,10269,RAP-4565,Raps Slijpen,Slijpen,Raps,store,2,135.17,85.35,0.21
2025-07-12,10270,BON-6101,Bont Slijpen,Slijpen,Bont,marketplace,2,114.71,79.82,0.21
2025-07-12,10271,RAP-4773,Raps Kleding,Kleding,Raps,store,1,128.69,58.31,0.21
2025-07-12,10272,MAP-8163,Maple Accessoires,Accessoires,Maple,marketplace,1,130.12,71.82,0.21
2025-07-12,10273,EHS-1846,EHS Schoenen,Schoenen,EHS,marketplace,2,132.46,72.69,0.21
2025-07-12,10274,RAP-7142,Raps Schaatsen,Schaatsen,Raps,web,1,130.93,90.39,0.21
2025-07-12,10275,BON-2605,Bont Schoenen,Schoenen,Bont,store,1,177.51,118.0,0.21
2025-07-12,10276,EHS-9212,EHS Slijpen,Slijpen,EHS,marketplace,2,73.52,41.72,0.21
2025-07-12,10277,MAP-7600,Maple Slijpen,Slijpen,Maple,store,2,121.16,66.0,0.21
2025-07-12,10278,BON-5652,Bont Schaatsen,Schaatsen,Bont,marketplace,1,168.57,106.67,0.21
2025-07-13,10279,BON-8007,Bont Schaatsen,Schaatsen,Bont,marketplace,2,182.46,86.88,0.21
2025-07-13,10280,MAP-5525,Maple Schaatsen,Schaatsen,Maple,web,2,89.88,58.38,0.21
2025-07-13,10281,BON-5101,Bont Kleding,Kleding,Bont,marketplace,1,177.1,112.62,0.21
2025-07-13,10282,MAP-8244,Maple Kleding,Kleding,Maple,store,1,196.2,106.79,0.21
2025-07-13,10283,RAP-6639,Raps Accessoires,Accessoires,Raps,store,2,116.27,63.79,0.21
2025-07-13,10284,RAP-4461,Raps Kleding,Kleding,Raps,web,1,247.15,147.12,0.21
2025-07-13,10285,VIK-5538,Viking Slijpen,Slijpen,Viking,marketplace,1,158.76,108.57,0.21
2025-07-13,10286,MAP-4263,Maple Accessoires,Accessoires,Maple,web,1,156.34,85.1,0.21
2025-07-13,10287,BON-3769,Bont Slijpen,Slijpen,Bont,store,1,120.56,59.16,0.21
2025-07-13,10288,BON-7544,Bont Schaatsen,Schaatsen,Bont,store,2,42.52,29.28,0.21
2025-07-14,10289,BON-1890,Bont Schaatsen,Schaatsen,Bont,web,1,117.66,78.86,0.21
2025-07-14,10290,VIK-3502,Viking Kleding,Kleding,Viking,web,1,153.24,76.07,0.21
2025-07-14,10291,EHS-5697,EHS Kleding,Kleding,EHS,store,1,96.61,49.74,0.21
2025-07-14,10292,EHS-1406,EHS Slijpen,Slijpen,EHS,marketplace,1,79.68,54.97,0.21
2025-07-14,10293,BON-6872,Bont Slijpen,Slijpen,Bont,store,1,44.32,21.17,0.21
2025-07-14,10294,VIK-3271,Viking Schoenen,Schoenen,Viking,marketplace,1,111.16,71.28,0.21
2025-07-14,10295,RAP-8889,Raps Accessoires,Accessoires,Raps,web,1,129.02,89.82,0.21
2025-07-15,10296,VIK-4690,Viking Accessoires,Accessoires,Viking,store,2,73.12,34.22,0.21
2025-07-15,10297,VIK-4826,Viking Slijpen,Slijpen,Viking,web,1,169.8,99.88,0.21
2025-07-15,10298,BON-4622,Bont Slijpen,Slijpen,Bont,store,1,51.84,31.32,0.21
2025-07-15,10299,MAP-5088,Maple Kleding,Kleding,Maple,store,2,103.66,53.21,0.21
2025-07-15,10300,VIK-5715,Viking Schoenen,Schoenen,Viking,store,1,161.97,96.54,0.21
2025-07-15,10301,BON-8516,Bont Kleding,Kleding,Bont,web,2,139.16,75.54,0.21
2025-07-15,10302,RAP-1388,Raps Accessoires,Accessoires,Raps,web,1,124.1,79.81,0.21
2025-07-15,10303,MAP-3095,Maple Slijpen,Slijpen,Maple,store,1,95.11,45.67,0.21
2025-07-15,10304,RAP-2600,Raps Kleding,Kleding,Raps,marketplace,2,68.92,35.57,0.21
2025-07-15,10305,BON-1553,Bont Schoenen,Schoenen,Bont,store,2,89.93,49.77,0.21
2025-07-15,10306,RAP-2206,Raps Slijpen,Slijpen,Raps,store,1,95.11,59.69,0.21
2025-07-16,10307,EHS-8870,EHS Slijpen,Slijpen,EHS,marketplace,2,81.48,47.48,0.21
2025-07-16,10308,RAP-3235,Raps Kleding,Kleding,Raps,marketplace,2,44.77,21.95,0.21
2025-07-16,10309,MAP-9459,Maple Accessoires,Accessoires,Maple,marketplace,1,124.77,80.39,0.21
2025-07-16,10310,VIK-5658,Viking Schoenen,Schoenen,Viking,store,1,195.29,113.74,0.21
2025-07-16,10311,BON-5828,Bont Slijpen,Slijpen,Bont,marketplace,1,110.71,53.47,0.21
2025-07-16,10312,MAP-2130,Maple Kleding,Kleding,Maple,web,1,137.93,78.69,0.21
2025-07-16,10313,MAP-9577,Maple Schoenen,Schoenen,Maple,store,2,132.38,77.92,0.21
2025-07-16,10314,RAP-2869,Raps Accessoires,Accessoires,Raps,marketplace,2,116.48,53.29,0.21
2025-07-16,10315,MAP-2070,Maple Accessoires,Accessoires,Maple,marketplace,1,128.46,68.13,0.21
2025-07-16,10316,EHS-6472,EHS Schaatsen,Schaatsen,EHS,web,2,168.01,92.42,0.21
2025-07-16,10317,MAP-5786,Maple Accessoires,Accessoires,Maple,store,2,133.43,93.02,0.21
2025-07-16,10318,EHS-8363,EHS Slijpen,Slijpen,EHS,web,1,15.0,8.51,0.21
2025-07-16,10319,EHS-2375,EHS Slijpen,Slijpen,EHS,marketplace,2,139.1,74.47,0.21
2025-07-17,10320,BON-6917,Bont Schoenen,Schoenen,Bont,web,1,174.82,113.39,0.21
2025-07-17,10321,BON-8445,Bont Schaatsen,Schaatsen,Bont,marketplace,2,119.92,77.76,0.21
2025-07-17,10322,BON-3584,Bont Schoenen,Schoenen,Bont,store,1,125.24,70.07,0.21
2025-07-17,10323,EHS-3525,EHS Slijpen,Slijpen,EHS,store,2,118.58,82.81,0.21
2025-07-17,10324,EHS-8180,EHS Kleding,Kleding,EHS,store,1,90.31,50.99,0.21
2025-07-17,10325,VIK-5470,Viking Kleding,Kleding,Viking,store,1,108.69,66.09,0.21
2025-07-17,10326,VIK-4725,Viking Schaatsen,Schaatsen,Viking,marketplace,1,144.67,76.64,0.21
2025-07-17,10327,EHS-6923,EHS Kleding,Kleding,EHS,store,2,164.19,100.97,0.21
2025-07-17,10328,EHS-5729,EHS Schaatsen,Schaatsen,EHS,web,2,137.75,94.71,0.21
2025-07-17,10329,BON-9874,Bont Slijpen,Slijpen,Bont,web,1,129.18,80.03,0.21
2025-07-18,10330,BON-1362,Bont Kleding,Kleding,Bont,store,2,63.83,42.97,0.21
2025-07-18,10331,RAP-7745,Raps Schaatsen,Schaatsen,Raps,store,2,144.17,84.03,0.21
2025-07-18,10332,BON-6939,Bont Kleding,Kleding,Bont,marketplace,2,154.82,106.34,0.21
2025-07-18,10333,EHS-4296,EHS Accessoires,Accessoires,EHS,web,2,172.59,95.06,0.21
2025-07-18,10334,MAP-6055,Maple Schaatsen,Schaatsen,Maple,web,2,150.67,86.97,0.21
2025-07-18,10335,EHS-9162,EHS Kleding,Kleding,EHS,web,2,152.95,93.57,0.21
2025-07-18,10336,MAP-4080,Maple Slijpen,Slijpen,Maple,store,1,103.42,57.92,0.21
2025-07-18,10337,MAP-2132,Maple Schaatsen,Schaatsen,Maple,store,1,133.61,82.42,0.21
2025-07-18,10338,MAP-6899,Maple Schaatsen,Schaatsen,Maple,web,1,150.25,68.35,0.21
2025-07-18,10339,BON-3938,Bont Schaatsen,Schaatsen,Bont,marketplace,2,177.69,114.53,0.21
2025-07-18,10340,VIK-8744,Viking Slijpen,Slijpen,Viking,marketplace,2,78.2,48.25,0.21
2025-07-18,10341,BON-2164,Bont Kleding,Kleding,Bont,web,1,109.05,52.85,0.21
2025-07-18,10342,MAP-3551,Maple Schoenen,Schoenen,Maple,store,1,133.6,90.52,0.21
2025-07-19,10343,BON-7921,Bont Schaatsen,Schaatsen,Bont,store,1,144.65,90.46,0.21
2025-07-19,10344,MAP-3769,Maple Kleding,Kleding,Maple,store,2,32.79,16.85,0.21
2025-07-19,10345,RAP-5674,Raps Schaatsen,Schaatsen,Raps,web,2,161.82,112.31,0.21
2025-07-19,10346,EHS-5852,EHS Kleding,Kleding,EHS,web,1,99.99,45.58,0.21
2025-07-19,10347,EHS-4262,EHS Schaatsen,Schaatsen,EHS,web,1,119.94,72.27,0.21
2025-07-19,10348,EHS-3952,EHS Slijpen,Slijpen,EHS,marketplace,1,152.23,101.0,0.21
2025-07-19,10349,VIK-4984,Viking Accessoires,Accessoires,Viking,marketplace,1,158.96,91.0,0.21
2025-07-19,10350,VIK-4625,Viking Schaatsen,Schaatsen,Viking,store,2,89.51,45.74,0.21
2025-07-19,10351,EHS-9423,EHS Slijpen,Slijpen,EHS,store,2,141.7,93.64,0.21
2025-07-19,10352,EHS-3098,EHS Slijpen,Slijpen,EHS,marketplace,2,70.33,45.09,0.21
2025-07-19,10353,EHS-7297,EHS Schaatsen,Schaatsen,EHS,marketplace,2,217.81,122.87,0.21
2025-07-19,10354,MAP-3748,Maple Accessoires,Accessoires,Maple,web,1,125.99,65.81,0.21
2025-07-20,10355,RAP-6273,Raps Kleding,Kleding,Raps,store,1,113.85,57.46,0.21
2025-07-20,10356,BON-8343,Bont Schaatsen,Schaatsen,Bont,web,2,165.29,81.31,0.21
2025-07-20,10357,EHS-1067,EHS Schoenen,Schoenen,EHS,marketplace,1,77.12,50.08,0.21
2025-07-20,10358,BON-8551,Bont Kleding,Kleding,Bont,web,1,116.91,75.24,0.21
2025-07-20,10359,BON-2041,Bont Kleding,Kleding,Bont,marketplace,2,110.83,77.54,0.21
2025-07-20,10360,MAP-2733,Maple Slijpen,Slijpen,Maple,store,1,129.07,71.72,0.21
2025-07-20,10361,MAP-6576,Maple Schoenen,Schoenen,Maple,marketplace,1,96.54,67.12,0.21
2025-07-21,10362,EHS-3244,EHS Slijpen,Slijpen,EHS,web,1,113.95,73.8,0.21
2025-07-21,10363,EHS-5072,EHS Schoenen,Schoenen,EHS,store,1,124.42,76.63,0.21
2025-07-21,10364,VIK-2401,Viking Schoenen,Schoenen,Viking,web,1,58.25,28.78,0.21
2025-07-21,10365,RAP-3655,Raps Schaatsen,Schaatsen,Raps,marketplace,1,96.16,55.31,0.21
2025-07-21,10366,MAP-1213,Maple Accessoires,Accessoires,Maple,web,2,127.21,88.79,0.21
2025-07-21,10367,EHS-7149,EHS Accessoires,Accessoires,EHS,store,2,117.32,55.59,0.21
2025-07-21,10368,MAP-3672,Maple Slijpen,Slijpen,Maple,marketplace,2,158.95,84.18,0.21
2025-07-21,10369,RAP-4318,Raps Slijpen,Slijpen,Raps,web,1,144.56,66.91,0.21
2025-07-21,10370,EHS-7130,EHS Kleding,Kleding,EHS,store,2,76.11,49.23,0.21
2025-07-21,10371,BON-4551,Bont Slijpen,Slijpen,Bont,marketplace,2,88.22,48.89,0.21
2025-07-21,10372,VIK-2506,Viking Schoenen,Schoenen,Viking,store,1,179.5,116.74,0.21
2025-07-22,10373,VIK-9036,Viking Schoenen,Schoenen,Viking,web,1,124.08,83.1,0.21
2025-07-22,10374,VIK-1864,Viking Schoenen,Schoenen,Viking,web,2,105.55,61.58,0.21
2025-07-22,10375,VIK-1607,Viking Slijpen,Slijpen,Viking,store,1,138.01,62.12,0.21
2025-07-22,10376,VIK-4926,Viking Kleding,Kleding,Viking,web,1,110.57,50.72,0.21
2025-07-22,10377,VIK-6869,Viking Accessoires,Accessoires,Viking,marketplace,1,190.85,93.9,0.21
2025-07-22,10378,MAP-2321,Maple Schaatsen,Schaatsen,Maple,store,1,36.1,23.67,0.21
2025-07-22,10379,BON-5849,Bont Kleding,Kleding,Bont,web,2,92.57,43.8,0.21
2025-07-22,10380,EHS-4549,EHS Kleding,Kleding,EHS,marketplace,1,171.54,88.23,0.21
2025-07-22,10381,BON-7770,Bont Accessoires,Accessoires,Bont,web,1,116.45,74.24,0.21
2025-07-23,10382,BON-6628,Bont Slijpen,Slijpen,Bont,store,1,27.22,13.74,0.21
2025-07-23,10383,MAP-7836,Maple Accessoires,Accessoires,Maple,web,1,120.58,57.85,0.21
2025-07-23,10384,BON-1395,Bont Schaatsen,Schaatsen,Bont,marketplace,1,104.63,51.67,0.21
2025-07-23,10385,EHS-8682,EHS Slijpen,Slijpen,EHS,web,2,127.36,88.85,0.21
2025-07-23,10386,RAP-9260,Raps Kleding,Kleding,Raps,marketplace,1,97.54,54.84,0.21
2025-07-23,10387,BON-9600,Bont Accessoires,Accessoires,Bont,marketplace,1,120.05,83.3,0.21
2025-07-23,10388,EHS-5257,EHS Kleding,Kleding,EHS,marketplace,2,63.29,31.97,0.21
2025-07-23,10389,RAP-1058,Raps Slijpen,Slijpen,Raps,marketplace,2,109.82,69.59,0.21
2025-07-23,10390,BON-4338,Bont Slijpen,Slijpen,Bont,web,2,85.57,56.23,0.21
2025-07-23,10391,RAP-9377,Raps Accessoires,Accessoires,Raps,store,2,103.53,47.87,0.21
2025-07-23,10392,BON-3595,Bont Schaatsen,Schaatsen,Bont,store,2,43.67,22.49,0.21
2025-07-23,10393,EHS-4136,EHS Kleding,Kleding,EHS,web,1,116.61,76.57,0.21
2025-07-24,10394,RAP-4467,Raps Accessoires,Accessoires,Raps,store,1,134.65,78.16,0.21
2025-07-24,10395,MAP-3832,Maple Schaatsen,Schaatsen,Maple,store,1,154.19,95.47,0.21
2025-07-24,10396,RAP-1594,Raps Kleding,Kleding,Raps,store,2,119.57,60.15,0.21
2025-07-24,10397,VIK-9049,Viking Schaatsen,Schaatsen,Viking,store,2,134.61,66.36,0.21
2025-07-24,10398,BON-9011,Bont Accessoires,Accessoires,Bont,store,2,181.27,103.15,0.21
2025-07-24,10399,VIK-9418,Viking Schoenen,Schoenen,Viking,marketplace,2,150.0,75.57,0.21
2025-07-24,10400,BON-6271,Bont Accessoires,Accessoires,Bont,marketplace,1,70.88,43.94,0.21
2025-07-24,10401,VIK-2926,Viking Kleding,Kleding,Viking,store,1,77.67,38.97,0.21
2025-07-24,10402,BON-4804,Bont Schoenen,Schoenen,Bont,marketplace,1,136.81,66.17,0.21
2025-07-24,10403,MAP-8741,Maple Slijpen,Slijpen,Maple,web,2,93.03,50.25,0.21
2025-07-25,10404,EHS-9363,EHS Slijpen,Slijpen,EHS,marketplace,1,211.27,109.06,0.21
2025-07-25,10405,MAP-1290,Maple Accessoires,Accessoires,Maple,store,2,100.44,67.5,0.21
2025-07-25,10406,RAP-1457,Raps Slijpen,Slijpen,Raps,store,2,15.0,7.15,0.21
2025-07-25,10407,BON-2792,Bont Kleding,Kleding,Bont,web,1,30.01,14.42,0.21
2025-07-25,10408,EHS-7227,EHS Accessoires,Accessoires,EHS,web,2,118.22,77.43,0.21
2025-07-25,10409,MAP-2889,Maple Schoenen,Schoenen,Maple,web,2,151.3,69.76,0.21
2025-07-25,10410,RAP-1777,Raps Schoenen,Schoenen,Raps,marketplace,1,149.15,102.49,0.21
2025-07-26,10411,BON-8254,Bont Accessoires,Accessoires,Bont,web,2,98.02,68.09,0.21
2025-07-26,10412,MAP-5487,Maple Kleding,Kleding,Maple,store,1,123.46,67.83,0.21
2025-07-26,10413,RAP-6262,Raps Accessoires,Accessoires,Raps,store,2,121.06,64.19,0.21
2025-07-26,10414,MAP-2738,Maple Slijpen,Slijpen,Maple,marketplace,1,182.08,121.36,0.21
2025-07-26,10415,EHS-6303,EHS Kleding,Kleding,EHS,store,1,187.34,103.44,0.21
2025-07-26,10416,MAP-4883,Maple Schaatsen,Schaatsen,Maple,web,1,122.72,83.66,0.21
2025-07-26,10417,BON-9394,Bont Schaatsen,Schaatsen,Bont,marketplace,2,113.14,60.23,0.21
2025-07-26,10418,VIK-5058,Viking Kleding,Kleding,Viking,marketplace,1,180.67,102.16,0.21
2025-07-26,10419,MAP-6928,Maple Schaatsen,Schaatsen,Maple,store,1,90.98,48.24,0.21
2025-07-26,10420,VIK-4111,Viking Schoenen,Schoenen,Viking,marketplace,2,118.46,56.11,0.21
2025-07-27,10421,VIK-8768,Viking Kleding,Kleding,Viking,web,1,159.97,87.55,0.21
2025-07-27,10422,VIK-5791,Viking Schaatsen,Schaatsen,Viking,web,1,102.11,65.24,0.21
2025-07-27,10423,RAP-2633,Raps Schaatsen,Schaatsen,Raps,web,1,86.56,59.02,0.21
2025-07-27,10424,EHS-6908,EHS Kleding,Kleding,EHS,web,2,143.74,66.57,0.21
2025-07-27,10425,BON-9290,Bont Accessoires,Accessoires,Bont,store,2,105.0,71.5,0.21
2025-07-27,10426,RAP-9420,Raps Accessoires,Accessoires,Raps,web,2,120.93,55.58,0.21
2025-07-27,10427,EHS-4019,EHS Accessoires,Accessoires,EHS,web,2,134.55,61.44,0.21
2025-07-27,10428,VIK-2827,Viking Kleding,Kleding,Viking,store,2,33.18,19.05,0.21
2025-07-28,10429,MAP-1049,Maple Schaatsen,Schaatsen,Maple,store,1,130.02,69.26,0.21
2025-07-28,10430,RAP-8907,Raps Schaatsen,Schaatsen,Raps,web,2,200.14,118.34,0.21
2025-07-28,10431,BON-3432,Bont Schaatsen,Schaatsen,Bont,store,1,102.44,65.94,0.21
2025-07-28,10432,EHS-5468,EHS Schoenen,Schoenen,EHS,web,1,130.31,90.09,0.21
2025-07-28,10433,VIK-9671,Viking Kleding,Kleding,Viking,store,1,93.54,46.48,0.21
2025-07-28,10434,RAP-6347,Raps Schoenen,Schoenen,Raps,web,2,122.14,66.4,0.21
2025-07-28,10435,MAP-1909,Maple Slijpen,Slijpen,Maple,web,1,144.57,82.47,0.21
2025-07-28,10436,MAP-6078,Maple Schoenen,Schoenen,Maple,store,1,20.77,12.5,0.21
2025-07-28,10437,VIK-4824,Viking Schoenen,Schoenen,Viking,marketplace,2,15.0,8.32,0.21
2025-07-29,10438,RAP-1620,Raps Slijpen,Slijpen,Raps,web,1,152.18,100.35,0.21
2025-07-29,10439,MAP-1594,Maple Schoenen,Schoenen,Maple,marketplace,1,142.62,95.35,0.21
2025-07-29,10440,VIK-4902,Viking Kleding,Kleding,Viking,store,1,135.04,76.42,0.21
2025-07-29,10441,MAP-2022,Maple Schaatsen,Schaatsen,Maple,store,2,89.58,55.28,0.21
2025-07-29,10442,MAP-6230,Maple Schoenen,Schoenen,Maple,web,1,57.48,26.44,0.21
2025-07-29,10443,EHS-5025,EHS Slijpen,Slijpen,EHS,marketplace,1,131.72,66.33,0.21
2025-07-30,10444,BON-2696,Bont Accessoires,Accessoires,Bont,store,2,44.88,21.28,0.21
2025-07-30,10445,BON-9524,Bont Schoenen,Schoenen,Bont,store,2,130.8,85.31,0.21
2025-07-30,10446,RAP-9768,Raps Accessoires,Accessoires,Raps,web,1,138.74,85.04,0.21
2025-07-30,10447,EHS-8841,EHS Accessoires,Accessoires,EHS,web,2,111.45,62.11,0.21
2025-07-30,10448,BON-4879,Bont Slijpen,Slijpen,Bont,store,1,137.56,80.29,0.21
2025-07-30,10449,VIK-9940,Viking Schaatsen,Schaatsen,Viking,web,1,212.39,97.72,0.21
2025-07-31,10450,BON-4497,Bont Kleding,Kleding,Bont,marketplace,2,156.64,105.85,0.21
2025-07-31,10451,VIK-9203,Viking Kleding,Kleding,Viking,store,1,142.49,93.95,0.21
2025-07-31,10452,VIK-9431,Viking Accessoires,Accessoires,Viking,store,1,148.87,98.06,0.21
2025-07-31,10453,BON-8840,Bont Schoenen,Schoenen,Bont,web,1,104.95,71.25,0.21
2025-07-31,10454,BON-9901,Bont Schoenen,Schoenen,Bont,marketplace,2,109.84,61.65,0.21
2025-07-31,10455,RAP-8120,Raps Kleding,Kleding,Raps,marketplace,1,50.67,26.74,0.21
2025-07-31,10456,RAP-2798,Raps Slijpen,Slijpen,Raps,web,1,135.08,93.35,0.21
2025-08-01,10457,BON-8804,Bont Slijpen,Slijpen,Bont,store,2,158.38,104.14,0.21
2025-08-01,10458,MAP-9782,Maple Schaatsen,Schaatsen,Maple,marketplace,1,136.19,93.41,0.21
2025-08-01,10459,BON-2142,Bont Schaatsen,Schaatsen,Bont,web,2,134.58,78.92,0.21
2025-08-01,10460,MAP-5890,Maple Accessoires,Accessoires,Maple,store,1,131.65,91.23,0.21
2025-08-01,10461,EHS-7342,EHS Schaatsen,Schaatsen,EHS,store,1,15.0,8.46,0.21
2025-08-02,10462,BON-2026,Bont Accessoires,Accessoires,Bont,web,1,49.92,27.35,0.21
2025-08-02,10463,VIK-7519,Viking Accessoires,Accessoires,Viking,store,1,76.54,49.37,0.21
2025-08-02,10464,BON-1780,Bont Slijpen,Slijpen,Bont,web,1,93.12,56.16,0.21
2025-08-02,10465,BON-3543,Bont Accessoires,Accessoires,Bont,web,1,138.49,69.45,0.21
2025-08-02,10466,BON-6977,Bont Schoenen,Schoenen,Bont,marketplace,2,144.11,83.43,0.21
2025-08-02,10467,EHS-6066,EHS Kleding,Kleding,EHS,store,2,63.61,32.38,0.21
2025-08-02,10468,VIK-2335,Viking Accessoires,Accessoires,Viking,web,1,111.84,52.1,0.21
2025-08-02,10469,VIK-3347,Viking Slijpen,Slijpen,Viking,store,1,147.79,100.22,0.21
2025-08-02,10470,VIK-5566,Viking Accessoires,Accessoires,Viking,marketplace,2,119.65,59.88,0.21
2025-08-02,10471,MAP-6623,Maple Accessoires,Accessoires,Maple,marketplace,2,209.19,139.33,0.21
2025-08-02,10472,MAP-5246,Maple Kleding,Kleding,Maple,web,2,174.72,82.58,0.21
2025-08-02,10473,VIK-8643,Viking Schaatsen,Schaatsen,Viking,web,1,159.82,109.7,0.21
2025-08-02,10474,VIK-4806,Viking Accessoires,Accessoires,Viking,marketplace,1,111.31,65.13,0.21
2025-08-03,10475,RAP-3886,Raps Schoenen,Schoenen,Raps,store,2,127.25,78.67,0.21
2025-08-03,10476,VIK-4912,Viking Accessoires,Accessoires,Viking,web,1,156.85,98.89,0.21
2025-08-03,10477,BON-2519,Bont Schaatsen,Schaatsen,Bont,marketplace,2,109.16,54.25,0.21
2025-08-03,10478,VIK-1965,Viking Slijpen,Slijpen,Viking,marketplace,2,54.58,31.65,0.21
2025-08-03,10479,BON-5573,Bont Slijpen,Slijpen,Bont,store,1,102.4,71.55,0.21
2025-08-03,10480,BON-5376,Bont Slijpen,Slijpen,Bont,store,1,164.83,91.55,0.21
2025-08-04,10481,EHS-7476,EHS Accessoires,Accessoires,EHS,web,1,64.37,32.64,0.21
2025-08-04,10482,RAP-1155,Raps Kleding,Kleding,Raps,store,2,131.6,91.51,0.21
2025-08-04,10483,BON-7454,Bont Slijpen,Slijpen,Bont,marketplace,1,107.74,61.29,0.21
2025-08-04,10484,EHS-7727,EHS Schoenen,Schoenen,EHS,web,1,140.4,85.93,0.21
2025-08-04,10485,RAP-2737,Raps Slijpen,Slijpen,Raps,store,2,178.69,108.91,0.21
2025-08-04,10486,RAP-4914,Raps Kleding,Kleding,Raps,web,2,123.63,66.38,0.21
2025-08-04,10487,BON-7343,Bont Schoenen,Schoenen,Bont,store,2,158.52,109.4,0.21
2025-08-04,10488,BON-4323,Bont Schaatsen,Schaatsen,Bont,web,1,138.39,90.37,0.21
2025-08-04,10489,VIK-5791,Viking Slijpen,Slijpen,Viking,web,2,68.54,38.72,0.21
2025-08-04,10490,VIK-4481,Viking Accessoires,Accessoires,Viking,store,1,49.3,23.8,0.21
2025-08-04,10491,MAP-3021,Maple Accessoires,Accessoires,Maple,marketplace,1,119.46,76.07,0.21
2025-08-04,10492,EHS-1897,EHS Schoenen,Schoenen,EHS,marketplace,2,113.49,54.21,0.21
2025-08-04,10493,EHS-4556,EHS Schaatsen,Schaatsen,EHS,marketplace,2,104.37,52.12,0.21
2025-08-04,10494,BON-7548,Bont Kleding,Kleding,Bont,web,1,142.53,95.6,0.21
2025-08-05,10495,MAP-7372,Maple Accessoires,Accessoires,Maple,web,1,87.62,47.26,0.21
2025-08-05,10496,BON-5305,Bont Accessoires,Accessoires,Bont,web,2,133.13,69.01,0.21
2025-08-05,10497,MAP-3774,Maple Kleding,Kleding,Maple,store,1,119.09,69.97,0.21
2025-08-05,10498,EHS-7344,EHS Schoenen,Schoenen,EHS,marketplace,2,105.86,60.37,0.21
2025-08-05,10499,MAP-8039,Maple Kleding,Kleding,Maple,store,1,74.0,48.38,0.21
2025-08-05,10500,VIK-5033,Viking Kleding,Kleding,Viking,web,1,97.35,49.67,0.21
2025-08-05,10501,VIK-4246,Viking Slijpen,Slijpen,Viking,web,1,133.21,75.51,0.21
2025-08-05,10502,RAP-4528,Raps Schoenen,Schoenen,Raps,web,1,35.71,22.78,0.21
2025-08-05,10503,EHS-3824,EHS Kleding,Kleding,EHS,marketplace,1,125.29,60.48,0.21
2025-08-05,10504,VIK-4948,Viking Accessoires,Accessoires,Viking,marketplace,1,155.82,84.5,0.21
2025-08-05,10505,VIK-3123,Viking Kleding,Kleding,Viking,store,2,128.41,87.64,0.21
2025-08-05,10506,MAP-5480,Maple Schaatsen,Schaatsen,Maple,marketplace,1,107.39,71.61,0.21
2025-08-06,10507,MAP-8490,Maple Schaatsen,Schaatsen,Maple,marketplace,2,15.0,10.09,0.21
2025-08-06,10508,VIK-7841,Viking Kleding,Kleding,Viking,store,2,103.02,58.23,0.21
2025-08-06,10509,VIK-5217,Viking Schoenen,Schoenen,Viking,store,1,113.18,64.43,0.21
2025-08-06,10510,BON-7870,Bont Kleding,Kleding,Bont,web,1,142.21,84.19,0.21
2025-08-06,10511,EHS-7415,EHS Slijpen,Slijpen,EHS,store,2,73.41,35.03,0.21
2025-08-06,10512,BON-7934,Bont Schoenen,Schoenen,Bont,web,1,149.97,99.27,0.21
2025-08-06,10513,VIK-2442,Viking Slijpen,Slijpen,Viking,store,2,180.65,121.48,0.21
2025-08-06,10514,EHS-8398,EHS Schaatsen,Schaatsen,EHS,marketplace,1,129.48,66.94,0.21
2025-08-06,10515,BON-9949,Bont Slijpen,Slijpen,Bont,store,2,110.53,59.26,0.21
2025-08-06,10516,MAP-3011,Maple Schaatsen,Schaatsen,Maple,marketplace,2,142.05,69.95,0.21
2025-08-06,10517,BON-7889,Bont Slijpen,Slijpen,Bont,web,1,91.03,62.57,0.21
2025-08-07,10518,RAP-8506,Raps Kleding,Kleding,Raps,store,1,94.87,47.24,0.21
2025-08-07,10519,VIK-2578,Viking Accessoires,Accessoires,Viking,marketplace,2,152.36,78.64,0.21
2025-08-07,10520,BON-9218,Bont Slijpen,Slijpen,Bont,store,2,125.6,77.8,0.21
2025-08-07,10521,EHS-8329,EHS Slijpen,Slijpen,EHS,store,2,82.39,42.76,0.21
2025-08-07,10522,BON-9679,Bont Schoenen,Schoenen,Bont,marketplace,1,126.48,70.51,0.21
2025-08-07,10523,VIK-4892,Viking Schoenen,Schoenen,Viking,store,2,121.01,77.92,0.21
2025-08-07,10524,BON-7945,Bont Schaatsen,Schaatsen,Bont,marketplace,2,119.48,78.71,0.21
2025-08-07,10525,VIK-2917,Viking Schoenen,Schoenen,Viking,store,2,121.18,71.83,0.21
2025-08-07,10526,MAP-9945,Maple Schaatsen,Schaatsen,Maple,store,1,133.83,67.18,0.21
2025-08-08,10527,RAP-2262,Raps Schoenen,Schoenen,Raps,store,2,142.01,67.07,0.21
2025-08-08,10528,RAP-3128,Raps Schoenen,Schoenen,Raps,web,1,55.16,29.95,0.21
2025-08-08,10529,BON-4917,Bont Accessoires,Accessoires,Bont,store,1,80.6,44.53,0.21
2025-08-08,10530,EHS-7646,EHS Slijpen,Slijpen,EHS,web,1,63.6,38.83,0.21
2025-08-08,10531,RAP-6872,Raps Kleding,Kleding,Raps,store,2,135.12,74.72,0.21
2025-08-08,10532,BON-9935,Bont Schaatsen,Schaatsen,Bont,marketplace,1,129.54,66.26,0.21
2025-08-08,10533,VIK-4726,Viking Slijpen,Slijpen,Viking,store,2,117.8,55.89,0.21
2025-08-08,10534,VIK-4631,Viking Kleding,Kleding,Viking,store,1,63.13,31.33,0.21
2025-08-08,10535,VIK-2905,Viking Kleding,Kleding,Viking,marketplace,1,140.32,91.07,0.21
2025-08-08,10536,EHS-6411,EHS Schaatsen,Schaatsen,EHS,store,2,104.65,54.05,0.21
2025-08-08,10537,BON-1212,Bont Accessoires,Accessoires,Bont,store,1,118.3,57.23,0.21
2025-08-08,10538,RAP-4625,Raps Schoenen,Schoenen,Raps,web,2,141.29,71.52,0.21
2025-08-08,10539,RAP-1765,Raps Schoenen,Schoenen,Raps,marketplace,2,132.96,61.0,0.21
2025-08-09,10540,EHS-6752,EHS Kleding,Kleding,EHS,web,2,150.47,75.65,0.21
2025-08-09,10541,MAP-9255,Maple Slijpen,Slijpen,Maple,web,1,165.28,109.43,0.21
2025-08-09,10542,BON-3048,Bont Slijpen,Slijpen,Bont,web,1,135.0,90.03,0.21
2025-08-09,10543,RAP-3751,Raps Schaatsen,Schaatsen,Raps,store,2,86.77,55.53,0.21
2025-08-09,10544,BON-2154,Bont Slijpen,Slijpen,Bont,web,2,131.32,89.91,0.21
2025-08-09,10545,MAP-7554,Maple Accessoires,Accessoires,Maple,marketplace,1,158.95,106.36,0.21
2025-08-10,10546,EHS-2451,EHS Schaatsen,Schaatsen,EHS,store,2,61.16,40.07,0.21
2025-08-10,10547,RAP-9880,Raps Schoenen,Schoenen,Raps,store,2,101.57,48.7,0.21
2025-08-10,10548,MAP-5545,Maple Schaatsen,Schaatsen,Maple,web,1,122.14,70.39,0.21
2025-08-10,10549,VIK-9648,Viking Accessoires,Accessoires,Viking,web,2,112.85,72.98,0.21
2025-08-10,10550,RAP-3605,Raps Schoenen,Schoenen,Raps,web,2,170.92,108.39,0.21
2025-08-10,10551,RAP-4032,Raps Slijpen,Slijpen,Raps,marketplace,2,110.54,54.95,0.21
2025-08-11,10552,RAP-9644,Raps Schoenen,Schoenen,Raps,web,1,150.07,101.97,0.21
2025-08-11,10553,EHS-9856,EHS Slijpen,Slijpen,EHS,web,1,75.99,46.32,0.21
2025-08-11,10554,RAP-5264,Raps Accessoires,Accessoires,Raps,store,2,167.66,79.38,0.21
2025-08-11,10555,MAP-4710,Maple Schaatsen,Schaatsen,Maple,web,2,120.08,62.56,0.21
2025-08-11,10556,VIK-8089,Viking Schoenen,Schoenen,Viking,store,2,116.43,80.92,0.21
2025-08-11,10557,EHS-8950,EHS Slijpen,Slijpen,EHS,store,1,138.0,88.67,0.21
2025-08-11,10558,VIK-4031,Viking Kleding,Kleding,Viking,web,1,159.54,98.06,0.21
2025-08-11,10559,VIK-8465,Viking Slijpen,Slijpen,Viking,marketplace,2,108.78,54.94,0.21
2025-08-11,10560,BON-7406,Bont Slijpen,Slijpen,Bont,marketplace,2,98.49,56.52,0.21
2025-08-11,10561,VIK-1496,Viking Schaatsen,Schaatsen,Viking,marketplace,1,145.61,97.02,0.21
2025-08-11,10562,BON-1278,Bont Slijpen,Slijpen,Bont,marketplace,2,114.34,78.47,0.21
2025-08-11,10563,MAP-1457,Maple Schoenen,Schoenen,Maple,store,2,57.1,38.07,0.21
2025-08-12,10564,BON-5928,Bont Schaatsen,Schaatsen,Bont,marketplace,2,127.14,64.08,0.21
2025-08-12,10565,MAP-8158,Maple Schaatsen,Schaatsen,Maple,store,2,101.37,51.84,0.21
2025-08-12,10566,RAP-4982,Raps Schoenen,Schoenen,Raps,web,1,128.15,88.38,0.21
2025-08-12,10567,EHS-9351,EHS Schoenen,Schoenen,EHS,web,2,125.66,79.92,0.21
2025-08-12,10568,BON-1550,Bont Slijpen,Slijpen,Bont,store,2,196.12,110.29,0.21
2025-08-12,10569,MAP-8533,Maple Accessoires,Accessoires,Maple,web,2,161.0,108.19,0.21
2025-08-12,10570,EHS-2156,EHS Kleding,Kleding,EHS,marketplace,2,28.97,17.23,0.21
2025-08-13,10571,EHS-9750,EHS Schoenen,Schoenen,EHS,web,1,125.06,85.1,0.21
2025-08-13,10572,BON-3989,Bont Accessoires,Accessoires,Bont,marketplace,2,144.25,72.55,0.21
2025-08-13,10573,BON-1809,Bont Schoenen,Schoenen,Bont,web,1,64.09,29.98,0.21
2025-08-13,10574,VIK-9907,Viking Accessoires,Accessoires,Viking,marketplace,1,165.09,79.76,0.21
2025-08-13,10575,BON-8444,Bont Schoenen,Schoenen,Bont,web,2,98.83,63.61,0.21
2025-08-13,10576,EHS-6677,EHS Kleding,Kleding,EHS,store,1,116.37,70.94,0.21
2025-08-14,10577,EHS-7340,EHS Schaatsen,Schaatsen,EHS,store,2,62.32,35.01,0.21
2025-08-14,10578,MAP-4785,Maple Accessoires,Accessoires,Maple,web,1,65.27,32.14,0.21
2025-08-14,10579,RAP-7796,Raps Schoenen,Schoenen,Raps,store,2,124.45,60.78,0.21
2025-08-14,10580,MAP-9575,Maple Accessoires,Accessoires,Maple,marketplace,1,140.26,74.7,0.21
2025-08-14,10581,VIK-8933,Viking Slijpen,Slijpen,Viking,web,2,89.01,41.78,0.21
2025-08-14,10582,VIK-5071,Viking Slijpen,Slijpen,Viking,store,2,100.33,50.58,0.21
2025-08-14,10583,EHS-9862,EHS Accessoires,Accessoires,EHS,marketplace,2,95.24,49.88,0.21
2025-08-14,10584,VIK-3560,Viking Schaatsen,Schaatsen,Viking,web,2,163.97,96.51,0.21
2025-08-14,10585,VIK-9321,Viking Kleding,Kleding,Viking,marketplace,2,210.71,127.67,0.21
2025-08-15,10586,RAP-7241,Raps Schoenen,Schoenen,Raps,web,1,88.9,55.18,0.21
2025-08-15,10587,BON-1666,Bont Kleding,Kleding,Bont,marketplace,2,77.92,43.03,0.21
2025-08-15,10588,MAP-1780,Maple Kleding,Kleding,Maple,store,1,153.69,86.1,0.21
2025-08-15,10589,RAP-7685,Raps Schaatsen,Schaatsen,Raps,store,2,101.94,65.25,0.21
2025-08-15,10590,VIK-5252,Viking Kleding,Kleding,Viking,store,2,188.24,113.87,0.21
2025-08-15,10591,RAP-9350,Raps Slijpen,Slijpen,Raps,marketplace,2,66.13,38.5,0.21
2025-08-16,10592,BON-4688,Bont Schoenen,Schoenen,Bont,marketplace,2,178.49,83.53,0.21
2025-08-16,10593,EHS-4013,EHS Schoenen,Schoenen,EHS,store,2,22.54,15.34,0.21
2025-08-16,10594,RAP-5617,Raps Kleding,Kleding,Raps,store,1,168.52,116.37,0.21
2025-08-16,10595,BON-2296,Bont Accessoires,Accessoires,Bont,web,1,132.06,66.59,0.21
2025-08-16,10596,VIK-4297,Viking Slijpen,Slijpen,Viking,marketplace,1,119.68,66.78,0.21
2025-08-16,10597,EHS-2939,EHS Schoenen,Schoenen,EHS,marketplace,2,45.91,21.03,0.21
2025-08-16,10598,BON-9700,Bont Schaatsen,Schaatsen,Bont,web,2,114.08,78.18,0.21
2025-08-16,10599,EHS-4557,EHS Kleding,Kleding,EHS,store,1,118.41,62.94,0.21
2025-08-16,10600,BON-2377,Bont Accessoires,Accessoires,Bont,marketplace,2,103.61,66.3,0.21
2025-08-16,10601,BON-2407,Bont Schoenen,Schoenen,Bont,marketplace,1,139.08,79.98,0.21
2025-08-16,10602,BON-8262,Bont Accessoires,Accessoires,Bont,store,2,158.43,110.85,0.21
2025-08-17,10603,RAP-3581,Raps Accessoires,Accessoires,Raps,marketplace,2,119.72,61.74,0.21
2025-08-17,10604,BON-6241,Bont Slijpen,Slijpen,Bont,web,2,146.57,102.24,0.21
2025-08-17,10605,MAP-5740,Maple Kleding,Kleding,Maple,web,1,109.57,72.86,0.21
2025-08-17,10606,VIK-9395,Viking Accessoires,Accessoires,Viking,marketplace,1,168.87,98.31,0.21
2025-08-17,10607,BON-8494,Bont Accessoires,Accessoires,Bont,marketplace,2,146.95,82.28,0.21
2025-08-17,10608,EHS-9869,EHS Slijpen,Slijpen,EHS,marketplace,1,84.96,57.48,0.21
2025-08-17,10609,RAP-8185,Raps Schoenen,Schoenen,Raps,store,2,122.3,64.84,0.21
2025-08-18,10610,MAP-6180,Maple Schoenen,Schoenen,Maple,store,2,143.15,82.51,0.21
2025-08-18,10611,EHS-8268,EHS Kleding,Kleding,EHS,marketplace,2,109.65,69.88,0.21
2025-08-18,10612,EHS-4870,EHS Slijpen,Slijpen,EHS,store,1,96.51,46.5,0.21
2025-08-18,10613,RAP-1506,Raps Slijpen,Slijpen,Raps,marketplace,1,60.11,33.76,0.21
2025-08-18,10614,RAP-2591,Raps Slijpen,Slijpen,Raps,web,1,121.31,71.39,0.21
2025-08-18,10615,VIK-3297,Viking Schaatsen,Schaatsen,Viking,marketplace,1,146.46,72.39,0.21
2025-08-18,10616,MAP-1090,Maple Schaatsen,Schaatsen,Maple,marketplace,2,108.03,50.37,0.21
2025-08-18,10617,MAP-1200,Maple Schoenen,Schoenen,Maple,marketplace,1,92.32,42.05,0.21
2025-08-18,10618,RAP-3059,Raps Accessoires,Accessoires,Raps,marketplace,2,135.74,81.67,0.21
2025-08-18,10619,BON-5066,Bont Accessoires,Accessoires,Bont,marketplace,1,76.62,35.85,0.21
2025-08-18,10620,MAP-5932,Maple Slijpen,Slijpen,Maple,store,2,131.6,59.58,0.21
2025-08-19,10621,BON-9134,Bont Schaatsen,Schaatsen,Bont,marketplace,2,105.17,51.27,0.21
2025-08-19,10622,EHS-2824,EHS Kleding,Kleding,EHS,marketplace,2,97.53,61.56,0.21
2025-08-19,10623,RAP-6394,Raps Kleding,Kleding,Raps,store,1,77.42,44.4,0.21
2025-08-19,10624,BON-3702,Bont Accessoires,Accessoires,Bont,marketplace,2,192.36,103.86,0.21
2025-08-19,10625,MAP-3019,Maple Slijpen,Slijpen,Maple,marketplace,2,148.99,80.16,0.21
2025-08-19,10626,VIK-7401,Viking Accessoires,Accessoires,Viking,store,1,124.06,69.45,0.21
2025-08-20,10627,EHS-5697,EHS Schaatsen,Schaatsen,EHS,store,2,77.46,49.9,0.21
2025-08-20,10628,MAP-8781,Maple Schaatsen,Schaatsen,Maple,store,2,141.71,67.41,0.21
2025-08-20,10629,VIK-2604,Viking Slijpen,Slijpen,Viking,store,1,74.52,38.11,0.21
2025-08-20,10630,MAP-2461,Maple Slijpen,Slijpen,Maple,marketplace,1,96.74,54.53,0.21
2025-08-20,10631,MAP-6106,Maple Slijpen,Slijpen,Maple,web,1,102.0,66.92,0.21
2025-08-20,10632,RAP-5792,Raps Schaatsen,Schaatsen,Raps,store,2,162.85,111.13,0.21
2025-08-20,10633,RAP-5582,Raps Schoenen,Schoenen,Raps,store,1,144.76,99.59,0.21
2025-08-20,10634,BON-2765,Bont Schaatsen,Schaatsen,Bont,store,1,125.89,87.19,0.21
2025-08-20,10635,EHS-8103,EHS Schoenen,Schoenen,EHS,store,2,88.78,52.17,0.21
2025-08-20,10636,MAP-9443,Maple Schoenen,Schoenen,Maple,store,1,15.0,9.05,0.21
2025-08-21,10637,BON-4754,Bont Kleding,Kleding,Bont,store,1,161.01,78.64,0.21
2025-08-21,10638,VIK-7657,Viking Schaatsen,Schaatsen,Viking,store,2,76.25,48.22,0.21
2025-08-21,10639,RAP-8639,Raps Slijpen,Slijpen,Raps,marketplace,1,165.16,95.37,0.21
2025-08-21,10640,MAP-3809,Maple Slijpen,Slijpen,Maple,web,2,96.68,61.23,0.21
2025-08-21,10641,EHS-4320,EHS Kleding,Kleding,EHS,store,1,149.3,75.38,0.21
2025-08-21,10642,RAP-5174,Raps Schaatsen,Schaatsen,Raps,store,2,85.47,54.15,0.21
2025-08-21,10643,MAP-2936,Maple Schoenen,Schoenen,Maple,marketplace,1,184.17,100.29,0.21
2025-08-21,10644,MAP-8664,Maple Schaatsen,Schaatsen,Maple,marketplace,1,92.91,56.18,0.21
2025-08-21,10645,MAP-9339,Maple Schaatsen,Schaatsen,Maple,marketplace,1,123.79,77.15,0.21
2025-08-21,10646,BON-9884,Bont Schoenen,Schoenen,Bont,store,2,104.81,49.48,0.21
2025-08-21,10647,MAP-7067,Maple Schaatsen,Schaatsen,Maple,marketplace,2,83.64,39.13,0.21
2025-08-22,10648,VIK-5602,Viking Slijpen,Slijpen,Viking,store,1,122.26,63.73,0.21
2025-08-22,10649,BON-3857,Bont Kleding,Kleding,Bont,web,1,93.84,54.43,0.21
2025-08-22,10650,VIK-3262,Viking Schoenen,Schoenen,Viking,marketplace,2,156.32,107.59,0.21
2025-08-22,10651,EHS-7204,EHS Schaatsen,Schaatsen,EHS,marketplace,2,96.56,64.82,0.21
2025-08-22,10652,BON-2683,Bont Schaatsen,Schaatsen,Bont,store,1,109.16,53.29,0.21
2025-08-22,10653,BON-5092,Bont Schoenen,Schoenen,Bont,web,2,139.4,72.72,0.21
2025-08-22,10654,VIK-5874,Viking Slijpen,Slijpen,Viking,web,1,102.78,56.9,0.21
2025-08-22,10655,VIK-7167,Viking Accessoires,Accessoires,Viking,web,2,107.73,49.34,0.21
2025-08-22,10656,VIK-7836,Viking Schaatsen,Schaatsen,Viking,marketplace,2,66.39,40.69,0.21
2025-08-23,10657,EHS-1123,EHS Schaatsen,Schaatsen,EHS,store,1,183.0,103.24,0.21
2025-08-23,10658,BON-4546,Bont Accessoires,Accessoires,Bont,web,1,97.58,53.13,0.21
2025-08-23,10659,EHS-5773,EHS Schoenen,Schoenen,EHS,marketplace,2,88.56,40.34,0.21
2025-08-23,10660,RAP-5635,Raps Schaatsen,Schaatsen,Raps,store,2,89.31,49.6,0.21
2025-08-23,10661,EHS-1902,EHS Schaatsen,Schaatsen,EHS,web,2,135.63,92.99,0.21
2025-08-23,10662,RAP-1200,Raps Schoenen,Schoenen,Raps,marketplace,1,158.61,101.66,0.21
2025-08-24,10663,BON-3425,Bont Accessoires,Accessoires,Bont,web,1,132.15,80.36,0.21
2025-08-24,10664,BON-4297,Bont Schaatsen,Schaatsen,Bont,store,2,208.57,96.06,0.21
2025-08-24,10665,MAP-8142,Maple Schaatsen,Schaatsen,Maple,store,1,137.36,66.85,0.21
2025-08-24,10666,MAP-1700,Maple Slijpen,Slijpen,Maple,store,1,164.91,74.88,0.21
2025-08-24,10667,VIK-1028,Viking Slijpen,Slijpen,Viking,marketplace,1,167.55,88.96,0.21
2025-08-24,10668,RAP-1167,Raps Accessoires,Accessoires,Raps,web,1,191.09,108.68,0.21
2025-08-24,10669,VIK-1412,Viking Schaatsen,Schaatsen,Viking,marketplace,1,126.37,72.79,0.21
2025-08-24,10670,RAP-7572,Raps Schoenen,Schoenen,Raps,marketplace,1,143.27,97.79,0.21
2025-08-24,10671,EHS-8927,EHS Accessoires,Accessoires,EHS,web,2,88.4,45.5,0.21
2025-08-24,10672,MAP-2159,Maple Kleding,Kleding,Maple,marketplace,2,66.66,37.47,0.21
2025-08-24,10673,VIK-3962,Viking Accessoires,Accessoires,Viking,web,1,15.92,8.72,0.21
2025-08-24,10674,VIK-7360,Viking Slijpen,Slijpen,Viking,web,2,172.33,85.58,0.21
2025-08-24,10675,BON-6066,Bont Kleding,Kleding,Bont,web,1,104.12,57.05,0.21
2025-08-24,10676,VIK-5562,Viking Accessoires,Accessoires,Viking,marketplace,1,101.5,50.28,0.21
2025-08-25,10677,EHS-3371,EHS Slijpen,Slijpen,EHS,web,1,156.91,84.29,0.21
2025-08-25,10678,BON-7450,Bont Schaatsen,Schaatsen,Bont,web,1,89.46,48.34,0.21
2025-08-25,10679,EHS-8672,EHS Slijpen,Slijpen,EHS,store,1,146.42,73.72,0.21
2025-08-25,10680,VIK-9099,Viking Schoenen,Schoenen,Viking,web,1,75.08,34.52,0.21
2025-08-25,10681,EHS-5450,EHS Kleding,Kleding,EHS,store,2,166.36,84.78,0.21
2025-08-25,10682,EHS-7723,EHS Schaatsen,Schaatsen,EHS,store,2,122.15,79.61,0.21
2025-08-25,10683,EHS-9431,EHS Kleding,Kleding,EHS,web,2,47.59,29.87,0.21
2025-08-25,10684,VIK-7421,Viking Schoenen,Schoenen,Viking,marketplace,1,62.12,33.26,0.21
2025-08-25,10685,VIK-2465,Viking Accessoires,Accessoires,Viking,marketplace,2,135.19,78.86,0.21
2025-08-25,10686,EHS-2601,EHS Accessoires,Accessoires,EHS,marketplace,2,158.58,71.92,0.21
2025-08-25,10687,EHS-9348,EHS Kleding,Kleding,EHS,web,1,112.16,51.58,0.21
2025-08-26,10688,MAP-8419,Maple Slijpen,Slijpen,Maple,marketplace,1,40.89,21.2,0.21
2025-08-26,10689,RAP-9211,Raps Accessoires,Accessoires,Raps,store,1,97.05,48.35,0.21
2025-08-26,10690,RAP-4074,Raps Schoenen,Schoenen,Raps,web,1,122.15,65.32,0.21
2025-08-26,10691,VIK-3033,Viking Slijpen,Slijpen,Viking,marketplace,1,136.29,62.19,0.21
2025-08-26,10692,RAP-4160,Raps Kleding,Kleding,Raps,store,1,126.34,88.15,0.21
2025-08-26,10693,EHS-9398,EHS Kleding,Kleding,EHS,web,2,116.19,67.73,0.21
2025-08-26,10694,EHS-7600,EHS Slijpen,Slijpen,EHS,marketplace,1,138.71,88.94,0.21
2025-08-26,10695,VIK-2096,Viking Schoenen,Schoenen,Viking,marketplace,2,125.27,69.97,0.21
2025-08-26,10696,EHS-1612,EHS Kleding,Kleding,EHS,marketplace,2,151.39,79.8,0.21
2025-08-26,10697,RAP-5009,Raps Kleding,Kleding,Raps,web,2,47.67,33.3,0.21
2025-08-26,10698,VIK-2200,Viking Schaatsen,Schaatsen,Viking,web,2,51.42,31.57,0.21
2025-08-26,10699,EHS-8224,EHS Slijpen,Slijpen,EHS,web,1,108.81,70.71,0.21
2025-08-26,10700,EHS-7766,EHS Accessoires,Accessoires,EHS,marketplace,2,78.11,37.06,0.21
2025-08-26,10701,EHS-6932,EHS Accessoires,Accessoires,EHS,web,1,135.62,62.47,0.21
2025-08-27,10702,VIK-3386,Viking Kleding,Kleding,Viking,marketplace,1,139.58,77.64,0.21
2025-08-27,10703,BON-8913,Bont Accessoires,Accessoires,Bont,marketplace,1,124.3,83.71,0.21
2025-08-27,10704,MAP-4833,Maple Kleding,Kleding,Maple,store,2,142.21,81.86,0.21
2025-08-27,10705,VIK-4759,Viking Schaatsen,Schaatsen,Viking,marketplace,1,122.71,70.64,0.21
2025-08-27,10706,MAP-2366,Maple Schaatsen,Schaatsen,Maple,marketplace,1,208.26,123.17,0.21
2025-08-27,10707,VIK-4720,Viking Slijpen,Slijpen,Viking,marketplace,2,162.74,83.68,0.21
2025-08-27,10708,EHS-9726,EHS Kleding,Kleding,EHS,web,2,104.88,72.57,0.21
2025-08-27,10709,EHS-8542,EHS Schaatsen,Schaatsen,EHS,marketplace,2,105.94,61.62,0.21
2025-08-27,10710,RAP-2529,Raps Schoenen,Schoenen,Raps,store,2,132.76,79.13,0.21
2025-08-28,10711,BON-4178,Bont Slijpen,Slijpen,Bont,web,1,106.71,51.09,0.21
2025-08-28,10712,EHS-4032,EHS Schaatsen,Schaatsen,EHS,marketplace,2,91.22,42.39,0.21
2025-08-28,10713,VIK-5579,Viking Slijpen,Slijpen,Viking,web,2,157.46,73.52,0.21
2025-08-28,10714,RAP-4410,Raps Schoenen,Schoenen,Raps,marketplace,2,117.46,72.32,0.21
2025-08-28,10715,MAP-3328,Maple Kleding,Kleding,Maple,web,1,76.98,51.86,0.21
2025-08-28,10716,BON-4000,Bont Slijpen,Slijpen,Bont,store,1,133.3,79.57,0.21
2025-08-28,10717,VIK-7415,Viking Schoenen,Schoenen,Viking,store,2,90.25,44.14,0.21
2025-08-28,10718,EHS-7937,EHS Kleding,Kleding,EHS,marketplace,1,172.05,98.17,0.21
2025-08-29,10719,EHS-1789,EHS Kleding,Kleding,EHS,marketplace,2,232.51,158.67,0.21
2025-08-29,10720,VIK-9526,Viking Kleding,Kleding,Viking,store,2,95.35,51.37,0.21
2025-08-29,10721,MAP-5071,Maple Accessoires,Accessoires,Maple,web,2,108.01,53.74,0.21
2025-08-29,10722,EHS-9084,EHS Slijpen,Slijpen,EHS,web,2,122.07,76.45,0.21
2025-08-29,10723,RAP-1604,Raps Schaatsen,Schaatsen,Raps,web,2,144.12,88.41,0.21
2025-08-29,10724,BON-4050,Bont Accessoires,Accessoires,Bont,web,1,129.38,61.26,0.21
2025-08-29,10725,RAP-9547,Raps Accessoires,Accessoires,Raps,marketplace,2,50.38,33.71,0.21
2025-08-29,10726,EHS-2228,EHS Accessoires,Accessoires,EHS,store,1,101.26,54.89,0.21
2025-08-29,10727,EHS-5834,EHS Slijpen,Slijpen,EHS,web,2,149.04,69.33,0.21
2025-08-29,10728,EHS-4319,EHS Schaatsen,Schaatsen,EHS,web,1,121.47,66.38,0.21
2025-08-29,10729,EHS-2772,EHS Schaatsen,Schaatsen,EHS,web,1,112.79,68.43,0.21
2025-08-29,10730,EHS-4492,EHS Accessoires,Accessoires,EHS,web,1,87.46,51.03,0.21
2025-08-29,10731,BON-7945,Bont Schaatsen,Schaatsen,Bont,store,2,123.63,73.79,0.21
2025-08-29,10732,MAP-9694,Maple Schaatsen,Schaatsen,Maple,web,1,108.23,73.32,0.21
2025-08-30,10733,MAP-9912,Maple Slijpen,Slijpen,Maple,store,2,144.43,80.49,0.21
2025-08-30,10734,RAP-1169,Raps Schoenen,Schoenen,Raps,web,2,159.18,89.87,0.21
2025-08-30,10735,RAP-7337,Raps Schoenen,Schoenen,Raps,marketplace,1,85.34,41.1,0.21
2025-08-30,10736,RAP-8505,Raps Slijpen,Slijpen,Raps,store,2,116.08,73.23,0.21
2025-08-30,10737,RAP-5016,Raps Schaatsen,Schaatsen,Raps,web,2,123.71,74.61,0.21
2025-08-30,10738,RAP-1403,Raps Schaatsen,Schaatsen,Raps,web,2,88.24,58.88,0.21
2025-08-30,10739,BON-2401,Bont Schaatsen,Schaatsen,Bont,marketplace,1,126.04,63.53,0.21
2025-08-30,10740,BON-1184,Bont Accessoires,Accessoires,Bont,marketplace,2,131.09,72.76,0.21
2025-08-30,10741,VIK-3784,Viking Kleding,Kleding,Viking,web,1,68.52,42.89,0.21
2025-08-30,10742,BON-7401,Bont Accessoires,Accessoires,Bont,web,1,78.24,52.58,0.21
2025-08-30,10743,RAP-2746,Raps Kleding,Kleding,Raps,store,2,83.9,43.89,0.21
2025-08-30,10744,RAP-2931,Raps Kleding,Kleding,Raps,web,2,87.76,52.89,0.21
2025-08-30,10745,EHS-1655,EHS Kleding,Kleding,EHS,web,1,139.69,64.24,0.21
2025-08-30,10746,EHS-9599,EHS Schoenen,Schoenen,EHS,web,2,90.22,40.71,0.21
2025-08-31,10747,MAP-9538,Maple Slijpen,Slijpen,Maple,marketplace,2,116.62,66.23,0.21
2025-08-31,10748,MAP-5373,Maple Accessoires,Accessoires,Maple,store,1,161.35,85.7,0.21
2025-08-31,10749,VIK-5694,Viking Slijpen,Slijpen,Viking,store,2,129.87,77.86,0.21
2025-08-31,10750,BON-9082,Bont Kleding,Kleding,Bont,marketplace,2,24.91,11.7,0.21
2025-08-31,10751,BON-4461,Bont Schoenen,Schoenen,Bont,web,1,112.2,60.37,0.21
2025-08-31,10752,BON-3586,Bont Accessoires,Accessoires,Bont,store,1,144.34,92.52,0.21
2025-08-31,10753,RAP-5466,Raps Schoenen,Schoenen,Raps,store,2,101.78,46.63,0.21
2025-08-31,10754,EHS-1602,EHS Accessoires,Accessoires,EHS,marketplace,2,145.25,68.28,0.21
2025-08-31,10755,EHS-3364,EHS Accessoires,Accessoires,EHS,marketplace,1,15.0,7.53,0.21
2025-08-31,10756,MAP-2782,Maple Kleding,Kleding,Maple,marketplace,1,98.14,56.38,0.21
2025-08-31,10757,RAP-6223,Raps Slijpen,Slijpen,Raps,web,2,120.53,79.15,0.21
2025-08-31,10758,VIK-2247,Viking Accessoires,Accessoires,Viking,web,1,138.34,86.11,0.21
2025-09-01,10759,VIK-6880,Viking Accessoires,Accessoires,Viking,web,2,211.1,124.96,0.21
2025-09-01,10760,RAP-5652,Raps Slijpen,Slijpen,Raps,store,1,137.87,64.42,0.21
2025-09-01,10761,RAP-1013,Raps Kleding,Kleding,Raps,store,2,102.94,64.95,0.21
2025-09-01,10762,EHS-1678,EHS Accessoires,Accessoires,EHS,web,1,222.9,146.86,0.21
2025-09-01,10763,MAP-5895,Maple Schoenen,Schoenen,Maple,web,1,107.76,50.01,0.21
2025-09-01,10764,MAP-7910,Maple Schaatsen,Schaatsen,Maple,marketplace,2,15.0,8.81,0.21
2025-09-01,10765,BON-1252,Bont Slijpen,Slijpen,Bont,web,1,100.27,57.38,0.21
2025-09-02,10766,RAP-9900,Raps Accessoires,Accessoires,Raps,marketplace,2,130.46,85.8,0.21
2025-09-02,10767,BON-1465,Bont Accessoires,Accessoires,Bont,web,2,174.75,117.36,0.21
2025-09-02,10768,RAP-6986,Raps Kleding,Kleding,Raps,store,1,134.65,69.46,0.21
2025-09-02,10769,MAP-4766,Maple Kleding,Kleding,Maple,marketplace,2,209.38,121.52,0.21
2025-09-02,10770,EHS-5159,EHS Accessoires,Accessoires,EHS,marketplace,1,170.31,89.65,0.21
2025-09-02,10771,VIK-3257,Viking Slijpen,Slijpen,Viking,web,2,24.66,12.02,0.21
2025-09-02,10772,EHS-8848,EHS Slijpen,Slijpen,EHS,web,2,178.8,86.44,0.21
2025-09-02,10773,BON-7244,Bont Kleding,Kleding,Bont,web,1,83.92,42.75,0.21
2025-09-02,10774,EHS-2355,EHS Accessoires,Accessoires,EHS,web,1,118.66,54.8,0.21
2025-09-02,10775,VIK-7859,Viking Accessoires,Accessoires,Viking,marketplace,1,230.7,106.4,0.21
2025-09-03,10776,VIK-4088,Viking Accessoires,Accessoires,Viking,web,2,153.76,91.95,0.21
2025-09-03,10777,MAP-3754,Maple Accessoires,Accessoires,Maple,store,2,37.81,17.12,0.21
2025-09-03,10778,BON-4566,Bont Schoenen,Schoenen,Bont,web,2,81.21,41.77,0.21
2025-09-03,10779,VIK-6505,Viking Accessoires,Accessoires,Viking,web,1,180.08,106.03,0.21
2025-09-03,10780,MAP-5210,Maple Schoenen,Schoenen,Maple,store,2,144.86,92.46,0.21
2025-09-03,10781,BON-5740,Bont Schaatsen,Schaatsen,Bont,store,2,72.59,37.15,0.21
2025-09-03,10782,BON-5807,Bont Kleding,Kleding,Bont,store,2,132.96,70.79,0.21
2025-09-03,10783,VIK-5494,Viking Schoenen,Schoenen,Viking,marketplace,2,182.8,126.8,0.21
2025-09-04,10784,VIK-5836,Viking Slijpen,Slijpen,Viking,marketplace,1,221.28,105.51,0.21
2025-09-04,10785,EHS-3130,EHS Schaatsen,Schaatsen,EHS,store,1,104.49,48.78,0.21
2025-09-04,10786,RAP-9382,Raps Schaatsen,Schaatsen,Raps,web,2,75.97,37.95,0.21
2025-09-04,10787,BON-7887,Bont Accessoires,Accessoires,Bont,marketplace,2,183.72,124.02,0.21
2025-09-04,10788,EHS-7530,EHS Schoenen,Schoenen,EHS,marketplace,2,140.18,87.33,0.21
2025-09-04,10789,EHS-6684,EHS Schaatsen,Schaatsen,EHS,marketplace,2,116.53,76.57,0.21
2025-09-04,10790,VIK-7464,Viking Accessoires,Accessoires,Viking,marketplace,2,58.69,31.14,0.21
2025-09-04,10791,VIK-7274,Viking Accessoires,Accessoires,Viking,marketplace,2,95.44,56.97,0.21
2025-09-04,10792,RAP-6978,Raps Schaatsen,Schaatsen,Raps,marketplace,1,164.92,105.39,0.21
2025-09-05,10793,BON-7219,Bont Kleding,Kleding,Bont,store,2,148.24,74.21,0.21
2025-09-05,10794,MAP-1522,Maple Kleding,Kleding,Maple,store,2,84.5,50.1,0.21
2025-09-05,10795,EHS-7811,EHS Schoenen,Schoenen,EHS,web,1,112.67,67.12,0.21
2025-09-05,10796,EHS-2702,EHS Kleding,Kleding,EHS,marketplace,2,102.16,64.37,0.21
2025-09-05,10797,EHS-9519,EHS Accessoires,Accessoires,EHS,store,2,92.1,55.83,0.21
2025-09-05,10798,MAP-1941,Maple Accessoires,Accessoires,Maple,store,2,85.36,40.57,0.21
2025-09-05,10799,RAP-5992,Raps Kleding,Kleding,Raps,store,1,105.82,70.71,0.21
2025-09-05,10800,VIK-2639,Viking Schoenen,Schoenen,Viking,marketplace,2,83.96,50.21,0.21
2025-09-06,10801,RAP-7605,Raps Accessoires,Accessoires,Raps,web,1,164.4,98.37,0.21
2025-09-06,10802,RAP-6321,Raps Schaatsen,Schaatsen,Raps,web,2,94.72,53.19,0.21
2025-09-06,10803,RAP-8776,Raps Schaatsen,Schaatsen,Raps,web,2,45.55,26.42,0.21
2025-09-06,10804,MAP-4313,Maple Accessoires,Accessoires,Maple,store,1,102.57,49.82,0.21
2025-09-06,10805,VIK-2737,Viking Accessoires,Accessoires,Viking,marketplace,1,204.28,140.14,0.21
2025-09-06,10806,RAP-5545,Raps Slijpen,Slijpen,Raps,marketplace,1,192.88,91.9,0.21
2025-09-06,10807,RAP-4044,Raps Kleding,Kleding,Raps,store,1,79.27,43.27,0.21
2025-09-07,10808,BON-9310,Bont Slijpen,Slijpen,Bont,marketplace,2,81.68,39.02,0.21
2025-09-07,10809,BON-2732,Bont Schaatsen,Schaatsen,Bont,marketplace,2,80.68,44.42,0.21
2025-09-07,10810,MAP-6838,Maple Schaatsen,Schaatsen,Maple,marketplace,1,114.81,77.03,0.21
2025-09-07,10811,EHS-7719,EHS Accessoires,Accessoires,EHS,web,2,81.14,40.81,0.21
2025-09-07,10812,EHS-6645,EHS Accessoires,Accessoires,EHS,web,2,224.15,102.77,0.21
2025-09-07,10813,MAP-7445,Maple Kleding,Kleding,Maple,store,2,150.76,99.09,0.21
2025-09-07,10814,VIK-6930,Viking Kleding,Kleding,Viking,store,1,103.87,71.16,0.21
2025-09-07,10815,MAP-8923,Maple Schoenen,Schoenen,Maple,web,2,103.58,63.24,0.21
2025-09-07,10816,EHS-3286,EHS Schoenen,Schoenen,EHS,web,1,95.82,45.98,0.21
2025-09-07,10817,RAP-4241,Raps Kleding,Kleding,Raps,web,1,69.62,45.89,0.21
2025-09-07,10818,VIK-9952,Viking Kleding,Kleding,Viking,marketplace,1,72.44,42.53,0.21
2025-09-07,10819,BON-8272,Bont Schaatsen,Schaatsen,Bont,marketplace,1,102.38,60.49,0.21
2025-09-07,10820,EHS-4907,EHS Accessoires,Accessoires,EHS,marketplace,1,120.65,81.81,0.21
2025-09-08,10821,EHS-9219,EHS Kleding,Kleding,EHS,web,2,143.37,94.23,0.21
2025-09-08,10822,RAP-6680,Raps Kleding,Kleding,Raps,marketplace,1,38.74,23.62,0.21
2025-09-08,10823,EHS-7213,EHS Schaatsen,Schaatsen,EHS,marketplace,2,108.8,75.02,0.21
2025-09-08,10824,BON-6269,Bont Schoenen,Schoenen,Bont,web,2,128.7,70.05,0.21
2025-09-08,10825,EHS-1111,EHS Slijpen,Slijpen,EHS,web,1,115.43,66.58,0.21
2025-09-08,10826,BON-4932,Bont Schaatsen,Schaatsen,Bont,marketplace,1,175.11,89.74,0.21
2025-09-09,10827,VIK-4998,Viking Schoenen,Schoenen,Viking,marketplace,2,119.91,83.04,0.21
2025-09-09,10828,EHS-5950,EHS Schoenen,Schoenen,EHS,web,1,150.64,78.86,0.21
2025-09-09,10829,MAP-7824,Maple Accessoires,Accessoires,Maple,web,2,208.43,127.34,0.21
2025-09-09,10830,EHS-9931,EHS Accessoires,Accessoires,EHS,marketplace,2,98.08,61.12,0.21
2025-09-09,10831,RAP-8855,Raps Schoenen,Schoenen,Raps,marketplace,1,129.96,73.55,0.21
2025-09-09,10832,EHS-2038,EHS Slijpen,Slijpen,EHS,store,1,168.71,104.53,0.21
2025-09-10,10833,MAP-5648,Maple Slijpen,Slijpen,Maple,store,1,156.21,85.76,0.21
2025-09-10,10834,EHS-1371,EHS Schoenen,Schoenen,EHS,web,1,188.27,115.55,0.21
2025-09-10,10835,VIK-9959,Viking Schoenen,Schoenen,Viking,web,1,124.95,73.65,0.21
2025-09-10,10836,MAP-7758,Maple Kleding,Kleding,Maple,marketplace,2,177.44,104.03,0.21
2025-09-10,10837,BON-6578,Bont Accessoires,Accessoires,Bont,web,1,111.39,74.05,0.21
2025-09-10,10838,EHS-2100,EHS Schoenen,Schoenen,EHS,marketplace,2,141.74,64.7,0.21
2025-09-10,10839,EHS-8524,EHS Schoenen,Schoenen,EHS,marketplace,1,195.72,97.6,0.21
2025-09-10,10840,VIK-1035,Viking Slijpen,Slijpen,Viking,store,1,105.14,56.1,0.21
2025-09-10,10841,VIK-2493,Viking Slijpen,Slijpen,Viking,store,1,165.93,91.36,0.21
2025-09-10,10842,RAP-7908,Raps Slijpen,Slijpen,Raps,web,2,125.82,77.15,0.21
2025-09-10,10843,MAP-2119,Maple Accessoires,Accessoires,Maple,web,2,85.2,57.79,0.21
2025-09-10,10844,VIK-1798,Viking Slijpen,Slijpen,Viking,web,1,144.58,99.13,0.21
